workbook_name,workbook_path,sheet_name,sheet_index,sheet_state,classification,classification_reasons,is_overview_sheet,overview_reasons,detected_budget,detected_agency_fee,paid_section_detected,paid_section,paid_section_location,paid_relative_to_profiles,paid_included_in_main_budget,profile_section_detected,profile_section,profile_section_location,likely_profile_size_cells,profile_row_count,current_profile_size_values,normalized_profile_tiers_found,invalid_or_legacy_profile_values,supported_channels_found,unsupported_channels_found,cpm_values_detected,diff_detected,formula_cache_warnings,notes,warnings,max_row,max_column,non_empty_cell_count
#5184 Moccamaster Kalkyl (V.A).xlsx,data/reference_workbooks/raw/#5184 Moccamaster Kalkyl (V.A).xlsx,1. Kalkylmall Paid + Org.,0,visible,legacy_reference_only,Template-like sheet name.,False,,"{""label_cell"": ""A2"", ""label_value"": ""Kampanjbudget"", ""value"": 500000, ""value_cell"": ""H2""}","{""label_cell"": ""A4"", ""label_value"": ""Nine Agency hantering"", ""value"": 163400, ""value_cell"": ""H4""}",True,"{""label_cell"": ""A7"", ""label_value"": ""Paid"", ""row"": 7}",A7,before_profiles,True,True,"{""columns"": {""activation"": 3, ""channel"": 1, ""cpm"": 7, ""size"": 2}, ""header_cell"": ""A17"", ""header_row"": 17, ""row_count"": 8}",A17 (row 17),B18; B19; B20; B21; B22; B23; B24; B25,8,B18=Profile á 50-70K; B19=Profile á 80-100K; B20=Profile á 80-100K; B21=Profile á 80-100K; B22=Profile á 50-70K; B23=Profile á 80-100K; B24=Profile á 100-150K; B25=Profile á 100-150K,,B18=Profile á 50-70K; B19=Profile á 80-100K; B20=Profile á 80-100K; B21=Profile á 80-100K; B22=Profile á 50-70K; B23=Profile á 80-100K; B24=Profile á 100-150K; B25=Profile á 100-150K,Instagram; TikTok,,Instagram@G18=500; Instagram@G19=500; Instagram@G20=500; Instagram@G21=500; TikTok@G22=375; TikTok@G23=375; TikTok@G24=375; TikTok@G25=375,,,Paid section appears before profile section and is included in main budget context.; Legacy or invalid profile size values were preserved without coercion.,,41,17,495
#5184 Moccamaster Kalkyl (V.A).xlsx,data/reference_workbooks/raw/#5184 Moccamaster Kalkyl (V.A).xlsx,2. Kalkylmall Paid + Org.,1,visible,legacy_reference_only,Template-like sheet name.,False,,"{""label_cell"": ""A2"", ""label_value"": ""Kampanjbudget"", ""value"": 500000, ""value_cell"": ""H2""}","{""label_cell"": ""A4"", ""label_value"": ""Nine Agency hantering"", ""value"": 160826, ""value_cell"": ""H4""}",True,"{""label_cell"": ""A7"", ""label_value"": ""Paid"", ""row"": 7}",A7,before_profiles,True,True,"{""columns"": {""activation"": 3, ""channel"": 1, ""cpm"": 7, ""size"": 2}, ""header_cell"": ""A17"", ""header_row"": 17, ""row_count"": 12}",A17 (row 17),B18; B19; B20; B21; B22; B23; B24; B25; B26; B27; B28; B29,12,B18=Profile á 30-70K; B19=Profile á 30-70K; B20=Profile á 50-70K; B21=Profile á 50-70K; B22=Profile á 50-100K; B23=Profile á 50-100K; B24=Profile á 30-70K; B25=Profile á 30-70K; B26=Profile á 30-70K; B27=Profile á 50-100K; B28=Profile á 50-100K; B29=Profile á 50-100K,,B18=Profile á 30-70K; B19=Profile á 30-70K; B20=Profile á 50-70K; B21=Profile á 50-70K; B22=Profile á 50-100K; B23=Profile á 50-100K; B24=Profile á 30-70K; B25=Profile á 30-70K; B26=Profile á 30-70K; B27=Profile á 50-100K; B28=Profile á 50-100K; B29=Profile á 50-100K,Instagram; TikTok,,Instagram@G18=500; Instagram@G19=500; Instagram@G20=500; Instagram@G21=500; Instagram@G22=500; Instagram@G23=500; TikTok@G24=375; TikTok@G25=375; TikTok@G26=375; TikTok@G27=375; TikTok@G28=375; TikTok@G29=375,,,Paid section appears before profile section and is included in main budget context.; Legacy or invalid profile size values were preserved without coercion.,,45,17,558
#5196 Salins Kalkyl NL (V.A).xlsx,data/reference_workbooks/raw/#5196 Salins Kalkyl NL (V.A).xlsx,Kalkylmall Paid + Org.,0,visible,legacy_reference_only,Template-like sheet name.,False,,"{""label_cell"": ""A2"", ""label_value"": ""Kampanjbudget"", ""value"": 325000, ""value_cell"": ""H2""}","{""label_cell"": ""A4"", ""label_value"": ""Nine Agency hantering"", ""value"": 96525, ""value_cell"": ""H4""}",True,"{""label_cell"": ""A7"", ""label_value"": ""Paid"", ""row"": 7}",A7,before_profiles,True,True,"{""columns"": {""activation"": 3, ""channel"": 1, ""cpm"": 7, ""size"": 2}, ""header_cell"": ""A17"", ""header_row"": 17, ""row_count"": 5}",A17 (row 17),B18; B19; B20; B21; B22,5,B18=33; B19=70; B20=70; B21=30; B22=50,,B18=33; B19=70; B20=70; B21=30; B22=50,Instagram; TikTok,,Instagram@G18=860; Instagram@G19=860; TikTok@G20=860; TikTok@G21=860; TikTok@G22=860,,,Paid section appears before profile section and is included in main budget context.; Legacy or invalid profile size values were preserved without coercion.,,38,17,460
#5212 GBFoods Kalkyl (V.A).xlsx,data/reference_workbooks/raw/#5212 GBFoods Kalkyl (V.A).xlsx,Kalkylmall Paid + Org.,0,visible,legacy_reference_only,Template-like sheet name.,False,,"{""label_cell"": ""A2"", ""label_value"": ""Kampanjbudget"", ""value"": 100000, ""value_cell"": ""H2""}","{""label_cell"": ""A4"", ""label_value"": ""Nine Agency hantering"", ""value"": 33898, ""value_cell"": ""H4""}",True,"{""label_cell"": ""A7"", ""label_value"": ""Paid"", ""row"": 7}",A7,before_profiles,True,True,"{""columns"": {""activation"": 3, ""channel"": 1, ""cpm"": 7, ""size"": 2}, ""header_cell"": ""A17"", ""header_row"": 17, ""row_count"": 3}",A17 (row 17),B18; B19; B20,3,B18=Profile á 50-80 K; B19=Profile á 50-80 K; B20=Profile á 50-80 K,,B18=Profile á 50-80 K; B19=Profile á 50-80 K; B20=Profile á 50-80 K,Instagram; TikTok,,Instagram@G18=570; Tiktok@G19=430; Tiktok@G20=430,,,Paid section appears before profile section and is included in main budget context.; Legacy or invalid profile size values were preserved without coercion.,,36,17,429
#5212 GBFoods Kalkyl (V.A).xlsx,data/reference_workbooks/raw/#5212 GBFoods Kalkyl (V.A).xlsx,ME Kalkylmall Paid + Org.,1,visible,legacy_reference_only,Template-like sheet name.,False,,"{""label_cell"": ""A2"", ""label_value"": ""Kampanjbudget"", ""value"": 100000, ""value_cell"": ""H2""}","{""label_cell"": ""A4"", ""label_value"": ""Nine Agency hantering"", ""value"": 29116, ""value_cell"": ""H4""}",True,"{""label_cell"": ""A7"", ""label_value"": ""Paid"", ""row"": 7}",A7,before_profiles,True,True,"{""columns"": {""activation"": 3, ""channel"": 1, ""cpm"": 7, ""size"": 2}, ""header_cell"": ""A17"", ""header_row"": 17, ""row_count"": 2}",A17 (row 17),B18; B19,2,B18=Profile á 50-100K; B19=Profile á 50-90K,,B18=Profile á 50-100K; B19=Profile á 50-90K,Instagram; TikTok,,Instagram@G18=570; Tiktok@G19=430,,,Paid section appears before profile section and is included in main budget context.; Legacy or invalid profile size values were preserved without coercion.,,35,17,414
#5223 Vitadora Kalkyl (V.A).xlsx,data/reference_workbooks/raw/#5223 Vitadora Kalkyl (V.A).xlsx,Kalkylmall Paid + Org.,0,visible,legacy_reference_only,Template-like sheet name.,False,,"{""label_cell"": ""A2"", ""label_value"": ""Kampanjbudget"", ""value"": 250000, ""value_cell"": ""H2""}","{""label_cell"": ""A4"", ""label_value"": ""Nine Agency hantering"", ""value"": 76874, ""value_cell"": ""H4""}",True,"{""label_cell"": ""A7"", ""label_value"": ""Paid"", ""row"": 7}",A7,before_profiles,True,True,"{""columns"": {""activation"": 3, ""channel"": 1, ""cpm"": 7, ""size"": 2}, ""header_cell"": ""A17"", ""header_row"": 17, ""row_count"": 4}",A17 (row 17),B18; B19; B20; B21,4,B18=30-70K; B19=30-70K; B20=50-80K; B21=50-80K,,B18=30-70K; B19=30-70K; B20=50-80K; B21=50-80K,Instagram,,Instagram@G18=700; Instagram@G19=700; Instagram@G20=700; Instagram@G21=700,,,Paid section appears before profile section and is included in main budget context.; Legacy or invalid profile size values were preserved without coercion.,,37,17,444
#5242 SJ Kalkyl (V.A).xlsx,data/reference_workbooks/raw/#5242 SJ Kalkyl (V.A).xlsx,NY ME Kalkylmall Org.,0,visible,legacy_reference_only,Template-like sheet name.,False,,"{""label_cell"": ""A2"", ""label_value"": ""Kampanjbudget"", ""value"": 388000, ""value_cell"": ""H2""}","{""label_cell"": ""A4"", ""label_value"": ""Nine Agency hantering"", ""value"": 115394, ""value_cell"": ""H4""}",True,"{""label_cell"": ""A23"", ""label_value"": ""Paid"", ""row"": 23}",A23,after_profiles,False,True,"{""columns"": {""activation"": 3, ""channel"": 1, ""cpm"": 7, ""size"": 2}, ""header_cell"": ""A8"", ""header_row"": 8, ""row_count"": 7}",A8 (row 8),B9; B10; B11; B12; B13; B14; B15,7,B9=125; B10=125; B11=75; B12=125; B13=75; B14=75; B15=-,75000; 125000,B15=-,Instagram; TikTok,Snapchat,Instagram@G9=575; Instagram@G10=575; Instagram@G11=575; TikTok@G12=430; TikTok@G13=430; TikTok@G14=430; Snapchat@G15=430,,,Paid section appears after profile section and is excluded from main optimization.; Legacy or invalid profile size values were preserved without coercion.,,33,29,428
#5242 SJ Kalkyl (V.A).xlsx,data/reference_workbooks/raw/#5242 SJ Kalkyl (V.A).xlsx,CO Kalkylmall Org.,1,visible,legacy_reference_only,Template-like sheet name.,False,,,,True,"{""label_cell"": ""A17"", ""label_value"": ""Paid (Nine hanterar ej)"", ""row"": 17}",A17,after_profiles,False,True,"{""columns"": {""activation"": 3, ""channel"": 1, ""cpm"": 7, ""size"": 2}, ""header_cell"": ""A2"", ""header_row"": 2, ""row_count"": 7}",A2 (row 2),B3; B4; B5; B6; B7; B8; B9,7,B3=125; B4=125; B5=75; B6=125; B7=75; B8=75; B9=-,75000; 125000,B9=-,Instagram; TikTok,Snapchat,Instagram@G3=485; Instagram@G4=485; Instagram@G5=485; TikTok@G6=365; TikTok@G7=365; TikTok@G8=365; Snapchat@G9=365,,,Paid section appears after profile section and is excluded from main optimization.; Legacy or invalid profile size values were preserved without coercion.,,26,29,363
#5242 SJ Kalkyl (V.A).xlsx,data/reference_workbooks/raw/#5242 SJ Kalkyl (V.A).xlsx,ME Kalkylmall Org.,2,visible,legacy_reference_only,Template-like sheet name.,False,,"{""label_cell"": ""A2"", ""label_value"": ""Kampanjbudget"", ""value"": 388000, ""value_cell"": ""H2""}","{""label_cell"": ""A4"", ""label_value"": ""Nine Agency hantering"", ""value"": 119929, ""value_cell"": ""H4""}",True,"{""label_cell"": ""A24"", ""label_value"": ""Paid"", ""row"": 24}",A24,after_profiles,False,True,"{""columns"": {""activation"": 3, ""channel"": 1, ""cpm"": 7, ""size"": 2}, ""header_cell"": ""A8"", ""header_row"": 8, ""row_count"": 8}",A8 (row 8),B9; B10; B11; B12; B13; B14; B15; B16,8,B9=125; B10=125; B11=75; B12=125; B13=125; B14=75; B15=-; B16=-,75000; 125000,B15=-; B16=-,Instagram; TikTok,Snapchat,Instagram@G9=480; Instagram@G10=480; Instagram@G11=480; TikTok@G12=360; TikTok@G13=360; TikTok@G14=360; Snapchat@G15=360; Snapchat@G16=360,,,Paid section appears after profile section and is excluded from main optimization.; Legacy or invalid profile size values were preserved without coercion.,,34,29,444
#5242 SJ Kalkyl (V.A).xlsx,data/reference_workbooks/raw/#5242 SJ Kalkyl (V.A).xlsx,ME Kalkylmall Paid + Org + Nepa,3,visible,legacy_reference_only,Template-like sheet name.,False,,"{""label_cell"": ""A2"", ""label_value"": ""Kampanjbudget"", ""value"": 756600, ""value_cell"": ""H2""}","{""label_cell"": ""A4"", ""label_value"": ""Nine Agency hantering"", ""value"": 237105, ""value_cell"": ""H4""}",True,"{""label_cell"": ""A34"", ""label_value"": ""Paid"", ""row"": 34}",A34,after_profiles,False,True,"{""columns"": {""activation"": 3, ""channel"": 1, ""cpm"": 7, ""size"": 2}, ""header_cell"": ""A10"", ""header_row"": 10, ""row_count"": 15}",A10 (row 10),B11; B12; B13; B14; B15; B16; B17; B18; B19; B20; B21; B22; B23; B24; B25,15,B11=125; B12=125; B13=125; B14=75; B15=75; B16=75; B17=125; B18=125; B19=125; B20=75; B21=75; B22=75; B23=-; B24=-; B25=-,75000; 125000,B23=-; B24=-; B25=-,Instagram; TikTok,Snapchat,Instagram@G11=480; Instagram@G12=480; Instagram@G13=480; Instagram@G14=480; Instagram@G15=480; Instagram@G16=480; TikTok@G17=360; TikTok@G18=360; TikTok@G19=360; TikTok@G20=360; TikTok@G21=360; TikTok@G22=360; Snapchat@G23=360; Snapchat@G24=360; Snapchat@G25=360,,,Paid section appears after profile section and is excluded from main optimization.; Legacy or invalid profile size values were preserved without coercion.,,45,29,523
#5242 SJ Kalkyl (V.A).xlsx,data/reference_workbooks/raw/#5242 SJ Kalkyl (V.A).xlsx,ME old Kalkylmall Paid + Org + ,4,visible,legacy_reference_only,Template-like sheet name.,False,,"{""label_cell"": ""A2"", ""label_value"": ""Kampanjbudget"", ""value"": 698400, ""value_cell"": ""H2""}","{""label_cell"": ""A4"", ""label_value"": ""Nine Agency hantering"", ""value"": 224235, ""value_cell"": ""H4""}",True,"{""label_cell"": ""A33"", ""label_value"": ""Paid"", ""row"": 33}",A33,after_profiles,False,True,"{""columns"": {""activation"": 3, ""channel"": 1, ""cpm"": 7, ""size"": 2}, ""header_cell"": ""A10"", ""header_row"": 10, ""row_count"": 14}",A10 (row 10),B11; B12; B13; B14; B15; B16; B17; B18; B19; B20; B21; B22; B23; B24,14,B11=125; B12=125; B13=75; B14=75; B15=75; B16=75; B17=125; B18=125; B19=75; B20=75; B21=75; B22=75; B23=-; B24=-,75000; 125000,B23=-; B24=-,Instagram; TikTok,Snapchat,Instagram@G11=480; Instagram@G12=480; Instagram@G13=480; Instagram@G14=480; Instagram@G15=480; Instagram@G16=480; TikTok@G17=360; TikTok@G18=360; TikTok@G19=360; TikTok@G20=360; TikTok@G21=360; TikTok@G22=360; Snapchat@G23=360; Snapchat@G24=360,,,Paid section appears after profile section and is excluded from main optimization.; Legacy or invalid profile size values were preserved without coercion.,,44,29,507
#5242 SJ Kalkyl (V.A).xlsx,data/reference_workbooks/raw/#5242 SJ Kalkyl (V.A).xlsx,Kalkylmall Org.,5,visible,legacy_reference_only,Template-like sheet name.,False,,"{""label_cell"": ""A2"", ""label_value"": ""Kampanjbudget"", ""value"": 388000, ""value_cell"": ""H2""}","{""label_cell"": ""A4"", ""label_value"": ""Nine Agency hantering"", ""value"": 127215, ""value_cell"": ""H4""}",True,"{""label_cell"": ""A24"", ""label_value"": ""Paid"", ""row"": 24}",A24,after_profiles,False,True,"{""columns"": {""activation"": 3, ""channel"": 1, ""cpm"": 7, ""size"": 2}, ""header_cell"": ""A8"", ""header_row"": 8, ""row_count"": 8}",A8 (row 8),B9; B10; B11; B12; B13; B14; B15; B16,8,B9=100; B10=125; B11=125; B12=75; B13=100; B14=125; B15=-; B16=-,75000; 125000,B13=100; B15=-; B16=-; B9=100,Instagram; TikTok,Snapchat,Instagram@G9=480; Instagram@G10=480; Instagram@G11=480; TikTok@G12=360; TikTok@G13=360; TikTok@G14=360; Snapchat@G15=360; Snapchat@G16=360,,,Paid section appears after profile section and is excluded from main optimization.; Legacy or invalid profile size values were preserved without coercion.,,36,29,474
#5242 SJ Kalkyl (V.A).xlsx,data/reference_workbooks/raw/#5242 SJ Kalkyl (V.A).xlsx,Kalkylmall Paid + Org + Nepa.,6,visible,legacy_reference_only,Template-like sheet name.,False,,"{""label_cell"": ""A2"", ""label_value"": ""Kampanjbudget"", ""value"": 873000, ""value_cell"": ""H2""}","{""label_cell"": ""A4"", ""label_value"": ""Nine Agency hantering"", ""value"": 237105, ""value_cell"": ""H4""}",True,"{""label_cell"": ""A7"", ""label_value"": ""Paid"", ""row"": 7}",A7,before_profiles,True,True,"{""columns"": {""activation"": 3, ""channel"": 1, ""cpm"": 7, ""size"": 2}, ""header_cell"": ""A19"", ""header_row"": 19, ""row_count"": 15}",A19 (row 19),B20; B21; B22; B23; B24; B25; B26; B27; B28; B29; B30; B31; B32; B33; B34,15,B20=75; B21=75; B22=125; B23=125; B24=125; B25=35; B26=75; B27=75; B28=75; B29=100; B30=125; B31=125; B32=-; B33=-; B34=-,35000; 75000; 125000,B29=100; B32=-; B33=-; B34=-,Instagram; TikTok,Snapchat,Instagram@G20=480; Instagram@G21=480; Instagram@G22=480; Instagram@G23=480; Instagram@G24=480; TikTok@G25=360; TikTok@G26=360; TikTok@G27=360; TikTok@G28=360; TikTok@G29=360; TikTok@G30=360; TikTok@G31=360; Snapchat@G32=360; Snapchat@G33=360; Snapchat@G34=360,,,Paid section appears before profile section and is included in main budget context.; Legacy or invalid profile size values were preserved without coercion.,,52,29,690
#5249 Gandalf Typhur Kalkyl (V.A).xlsx,data/reference_workbooks/raw/#5249 Gandalf Typhur Kalkyl (V.A).xlsx,6x3 Kalkylmall Org.,0,visible,legacy_reference_only,Template-like sheet name.,False,,"{""label_cell"": ""A2"", ""label_value"": ""Kampanjbudget"", ""value"": 145000, ""value_cell"": ""H2""}","{""label_cell"": ""A4"", ""label_value"": ""Nine Agency hantering"", ""value"": 85902, ""value_cell"": ""H4""}",False,,,not_found,False,True,"{""columns"": {""activation"": 3, ""channel"": 1, ""cpm"": 7, ""size"": 2}, ""header_cell"": ""A8"", ""header_row"": 8, ""row_count"": 6}",A8 (row 8),B9; B10; B11; B12; B13; B14,6,B9=7; B10=7; B11=7; B12=7; B13=7; B14=7,,B10=7; B11=7; B12=7; B13=7; B14=7; B9=7,Instagram; TikTok,,Instagram@G9=575; Tiktok@G10=575; TikTok@G11=430; Instagram@G12=680; TikTok@G13=680; TikTok@G14=510,"{""label_cell"": ""H17"", ""label_value"": ""diff: 2916 kr"", ""value"": null, ""value_cell"": null}",,Legacy or invalid profile size values were preserved without coercion.,,33,17,297
#5249 Gandalf Typhur Kalkyl (V.A).xlsx,data/reference_workbooks/raw/#5249 Gandalf Typhur Kalkyl (V.A).xlsx,6x2 Kalkylmall Org.,1,visible,legacy_reference_only,Template-like sheet name.,False,,"{""label_cell"": ""A2"", ""label_value"": ""Kampanjbudget"", ""value"": 145000, ""value_cell"": ""H2""}","{""label_cell"": ""A4"", ""label_value"": ""Nine Agency hantering"", ""value"": 63627, ""value_cell"": ""H4""}",False,,,not_found,False,True,"{""columns"": {""activation"": 3, ""channel"": 1, ""cpm"": 7, ""size"": 2}, ""header_cell"": ""A8"", ""header_row"": 8, ""row_count"": 6}",A8 (row 8),B9; B10; B11; B12; B13; B14,6,B9=15; B10=15; B11=15; B12=10; B13=15; B14=15,15000,B12=10,Instagram; TikTok,,Instagram@G9=575; Tiktok@G10=575; TikTok@G11=430; Instagram@G12=680; TikTok@G13=680; TikTok@G14=510,"{""label_cell"": ""H17"", ""label_value"": ""diff: -1305 kr"", ""value"": null, ""value_cell"": null}",,Legacy or invalid profile size values were preserved without coercion.,,24,17,296
#5249 Gandalf Typhur Kalkyl (V.A).xlsx,data/reference_workbooks/raw/#5249 Gandalf Typhur Kalkyl (V.A).xlsx,ME 6x2 Kalkylmall Org.,2,visible,legacy_reference_only,Template-like sheet name.,False,,"{""label_cell"": ""A2"", ""label_value"": ""Kampanjbudget"", ""value"": 145000, ""value_cell"": ""H2""}","{""label_cell"": ""A4"", ""label_value"": ""Nine Agency hantering"", ""value"": 63627, ""value_cell"": ""H4""}",False,,,not_found,False,True,"{""columns"": {""activation"": 3, ""channel"": 1, ""cpm"": 7, ""size"": 2}, ""header_cell"": ""A8"", ""header_row"": 8, ""row_count"": 6}",A8 (row 8),B9; B10; B11; B12; B13; B14,6,B9=7-15K; B10=7-15K; B11=7-15K; B12=8-12K; B13=8-12K; B14=8-12K,,B10=7-15K; B11=7-15K; B12=8-12K; B13=8-12K; B14=8-12K; B9=7-15K,Instagram; TikTok,,Instagram@G9=575; Tiktok@G10=575; TikTok@G11=430; Instagram@G12=680; TikTok@G13=680; TikTok@G14=510,"{""label_cell"": ""H17"", ""label_value"": ""diff: -630 kr"", ""value"": null, ""value_cell"": null}",,Legacy or invalid profile size values were preserved without coercion.,,24,17,296
#5249 Gandalf Typhur Kalkyl (V.A).xlsx,data/reference_workbooks/raw/#5249 Gandalf Typhur Kalkyl (V.A).xlsx,8x2 Kalkylmall Org.,3,visible,legacy_reference_only,Template-like sheet name.,False,,"{""label_cell"": ""A2"", ""label_value"": ""Kampanjbudget"", ""value"": 145000, ""value_cell"": ""H2""}","{""label_cell"": ""A4"", ""label_value"": ""Nine Agency hantering"", ""value"": 83269, ""value_cell"": ""H4""}",False,,,not_found,False,True,"{""columns"": {""activation"": 3, ""channel"": 1, ""cpm"": 7, ""size"": 2}, ""header_cell"": ""A8"", ""header_row"": 8, ""row_count"": 8}",A8 (row 8),B9; B10; B11; B12; B13; B14; B15; B16,8,B9=7; B10=7; B11=10; B12=10; B13=7; B14=7; B15=10; B16=10,,B10=7; B11=10; B12=10; B13=7; B14=7; B15=10; B16=10; B9=7,Instagram; TikTok,,Instagram@G9=575; Instagram@G10=575; Tiktok@G11=430; TikTok@G12=430; Instagram@G13=680; Instagram@G14=680; TikTok@G15=510; TikTok@G16=510,"{""label_cell"": ""H19"", ""label_value"": ""diff: 1922 kr"", ""value"": null, ""value_cell"": null}",,Legacy or invalid profile size values were preserved without coercion.,,26,17,327
#5253 Zozole Kalkyl (V.A).xlsx,data/reference_workbooks/raw/#5253 Zozole Kalkyl (V.A).xlsx,DK 17K Kalkylmall Paid + Org.,0,visible,legacy_reference_only,Template-like sheet name.,False,,"{""label_cell"": ""A2"", ""label_value"": ""Kampanjbudget"", ""value"": 17000, ""value_cell"": ""H2""}","{""label_cell"": ""A4"", ""label_value"": ""Nine Agency hantering"", ""value"": 5486.4, ""value_cell"": ""H4""}",True,"{""label_cell"": ""A7"", ""label_value"": ""Paid"", ""row"": 7}",A7,before_profiles,True,True,"{""columns"": {""activation"": 3, ""channel"": 1, ""cpm"": 7, ""size"": 2}, ""header_cell"": ""A16"", ""header_row"": 16, ""row_count"": 4}",A16 (row 16),B17; B18; B19; B20,4,B17=35; B18=35; B19=75; B20=75,35000; 75000,,TikTok,,TikTok@G17=43.2; TikTok@G18=43.2; TikTok@G19=43.2; TikTok@G20=43.2,,,Paid section appears before profile section and is included in main budget context.,,36,17,431
#5253 Zozole Kalkyl (V.A).xlsx,data/reference_workbooks/raw/#5253 Zozole Kalkyl (V.A).xlsx,DK 52K Kalkylmall Paid + Org.,1,visible,legacy_reference_only,Template-like sheet name.,False,,"{""label_cell"": ""A2"", ""label_value"": ""Kampanjbudget"", ""value"": 52000, ""value_cell"": ""H2""}","{""label_cell"": ""A4"", ""label_value"": ""Nine Agency hantering"", ""value"": 16306, ""value_cell"": ""H4""}",True,"{""label_cell"": ""A7"", ""label_value"": ""Paid"", ""row"": 7}",A7,before_profiles,True,True,"{""columns"": {""activation"": 3, ""channel"": 1, ""cpm"": 7, ""size"": 2}, ""header_cell"": ""A16"", ""header_row"": 16, ""row_count"": 11}",A16 (row 16),B17; B18; B19; B20; B21; B22; B23; B24; B25; B26; B27,11,B17=15; B18=15; B19=35; B20=35; B21=35; B22=75; B23=75; B24=75; B25=75; B26=125; B27=175,15000; 35000; 75000; 125000; 175000,,TikTok,,TikTok@G17=43.2; TikTok@G18=43.2; TikTok@G19=43.2; TikTok@G20=43.2; TikTok@G21=43.2; TikTok@G22=43.2; TikTok@G23=43.2; TikTok@G24=43.2; TikTok@G25=43.2; TikTok@G26=43.2; TikTok@G27=43.2,,,Paid section appears before profile section and is included in main budget context.,,37,17,467
#5253 Zozole Kalkyl (V.A).xlsx,data/reference_workbooks/raw/#5253 Zozole Kalkyl (V.A).xlsx,FI 17K Kalkylmall Paid + Org.,2,visible,legacy_reference_only,Template-like sheet name.,False,,"{""label_cell"": ""A2"", ""label_value"": ""Kampanjbudget"", ""value"": 17000, ""value_cell"": ""H2""}","{""label_cell"": ""A4"", ""label_value"": ""Nine Agency hantering"", ""value"": 5486.4, ""value_cell"": ""H4""}",True,"{""label_cell"": ""A7"", ""label_value"": ""Paid"", ""row"": 7}",A7,before_profiles,True,True,"{""columns"": {""activation"": 3, ""channel"": 1, ""cpm"": 7, ""size"": 2}, ""header_cell"": ""A16"", ""header_row"": 16, ""row_count"": 4}",A16 (row 16),B17; B18; B19; B20,4,B17=35; B18=75; B19=75; B20=75,35000; 75000,,TikTok,,TikTok@G17=40.8; TikTok@G18=40.8; TikTok@G19=40.8; TikTok@G20=40.8,,,Paid section appears before profile section and is included in main budget context.,,36,17,431
#5253 Zozole Kalkyl (V.A).xlsx,data/reference_workbooks/raw/#5253 Zozole Kalkyl (V.A).xlsx,FI 52K Kalkylmall Paid + Org.,3,visible,legacy_reference_only,Template-like sheet name.,False,,"{""label_cell"": ""A2"", ""label_value"": ""Kampanjbudget"", ""value"": 52000, ""value_cell"": ""H2""}","{""label_cell"": ""A4"", ""label_value"": ""Nine Agency hantering"", ""value"": 16306, ""value_cell"": ""H4""}",True,"{""label_cell"": ""A7"", ""label_value"": ""Paid"", ""row"": 7}",A7,before_profiles,True,True,"{""columns"": {""activation"": 3, ""channel"": 1, ""cpm"": 7, ""size"": 2}, ""header_cell"": ""A16"", ""header_row"": 16, ""row_count"": 11}",A16 (row 16),B17; B18; B19; B20; B21; B22; B23; B24; B25; B26; B27,11,B17=15; B18=15; B19=35; B20=35; B21=35; B22=75; B23=75; B24=75; B25=125; B26=125; B27=175,15000; 35000; 75000; 125000; 175000,,TikTok,,TikTok@G17=40.8; TikTok@G18=40.8; TikTok@G19=40.8; TikTok@G20=40.8; TikTok@G21=40.8; TikTok@G22=40.8; TikTok@G23=40.8; TikTok@G24=40.8; TikTok@G25=40.8; TikTok@G26=40.8; TikTok@G27=40.8,,,Paid section appears before profile section and is included in main budget context.,,37,29,480
#5260 Avis Kalkyl (V.A).xlsx,data/reference_workbooks/raw/#5260 Avis Kalkyl (V.A).xlsx,100K+25 Kalkylmall Paid + Org.,0,visible,legacy_reference_only,Template-like sheet name.,False,,"{""label_cell"": ""A2"", ""label_value"": ""Kampanjbudget"", ""value"": 100000, ""value_cell"": ""H2""}","{""label_cell"": ""A4"", ""label_value"": ""Nine Agency hantering"", ""value"": 42184, ""value_cell"": ""H4""}",True,"{""label_cell"": ""A19"", ""label_value"": ""Add on: Paid"", ""row"": 19}",A19,after_profiles,False,True,"{""columns"": {""activation"": 3, ""channel"": 1, ""cpm"": 7, ""size"": 2}, ""header_cell"": ""A7"", ""header_row"": 7, ""row_count"": 3}",A7 (row 7),B8; B9; B10,3,B8=20-50K; B9=20-50K; B10=20-50K,,B10=20-50K; B8=20-50K; B9=20-50K,Instagram,,Instagram@G8=550; Instagram@G9=550; Instagram@G10=550,"{""label_cell"": ""H13"", ""label_value"": ""diff: -4271"", ""value"": null, ""value_cell"": null}",,Paid section appears after profile section and is excluded from main optimization.; Legacy or invalid profile size values were preserved without coercion.,,1006,17,1423
#5260 Avis Kalkyl (V.A).xlsx,data/reference_workbooks/raw/#5260 Avis Kalkyl (V.A).xlsx,150K Kalkylmall Paid + Org.,1,visible,legacy_reference_only,Template-like sheet name.,False,,"{""label_cell"": ""A2"", ""label_value"": ""Kampanjbudget"", ""value"": 150000, ""value_cell"": ""H2""}","{""label_cell"": ""A4"", ""label_value"": ""Nine Agency hantering"", ""value"": 43877, ""value_cell"": ""H4""}",True,"{""label_cell"": ""A7"", ""label_value"": ""Add on: Paid"", ""row"": 7}",A7,before_profiles,True,True,"{""columns"": {""activation"": 3, ""channel"": 1, ""cpm"": 7, ""size"": 2}, ""header_cell"": ""A16"", ""header_row"": 16, ""row_count"": 4}",A16 (row 16),B17; B18; B19; B20,4,B17=10-20K; B18=20-50K; B19=50-100K; B20=50-100K,,B17=10-20K; B18=20-50K; B19=50-100K; B20=50-100K,Instagram; TikTok,,Instagram@G17=550; Instagram@G18=550; Instagram@G19=550; TikTok@G20=430,,,Paid section appears before profile section and is included in main budget context.; Legacy or invalid profile size values were preserved without coercion.,,1005,17,1404
#5260 Avis Kalkyl (V.A).xlsx,data/reference_workbooks/raw/#5260 Avis Kalkyl (V.A).xlsx,180K Kalkylmall Paid + Org.,2,visible,legacy_reference_only,Template-like sheet name.,False,,"{""label_cell"": ""A2"", ""label_value"": ""Kampanjbudget"", ""value"": 180000, ""value_cell"": ""H2""}","{""label_cell"": ""A4"", ""label_value"": ""Nine Agency hantering"", ""value"": 59895, ""value_cell"": ""H4""}",True,"{""label_cell"": ""A7"", ""label_value"": ""Paid"", ""row"": 7}",A7,before_profiles,True,True,"{""columns"": {""activation"": 3, ""channel"": 1, ""cpm"": 7, ""size"": 2}, ""header_cell"": ""A17"", ""header_row"": 17, ""row_count"": 3}",A17 (row 17),B18; B19; B20,3,B18=35; B19=35; B20=75,35000; 75000,,Instagram,,Instagram@G18=550; Instagram@G19=550; Instagram@G20=550,"{""label_cell"": ""H23"", ""label_value"": ""diff: -28 kr"", ""value"": null, ""value_cell"": null}",,Paid section appears before profile section and is included in main budget context.,,1005,29,29145
#5260 Avis Kalkyl (V.A).xlsx,data/reference_workbooks/raw/#5260 Avis Kalkyl (V.A).xlsx,250K Kalkylmall Paid + Org.,3,visible,legacy_reference_only,Template-like sheet name.,False,,"{""label_cell"": ""A2"", ""label_value"": ""Kampanjbudget"", ""value"": 250000, ""value_cell"": ""H2""}","{""label_cell"": ""A4"", ""label_value"": ""Nine Agency hantering"", ""value"": 72765, ""value_cell"": ""H4""}",True,"{""label_cell"": ""A7"", ""label_value"": ""Paid"", ""row"": 7}",A7,before_profiles,True,True,"{""columns"": {""activation"": 3, ""channel"": 1, ""cpm"": 7, ""size"": 2}, ""header_cell"": ""A17"", ""header_row"": 17, ""row_count"": 3}",A17 (row 17),B18; B19; B20,3,B18=50-100K; B19=50-100K; B20=50-100K,,B18=50-100K; B19=50-100K; B20=50-100K,Instagram,,Instagram@G18=550; Instagram@G19=550; Instagram@G20=550,"{""label_cell"": ""H23"", ""label_value"": ""diff: -433 kr"", ""value"": null, ""value_cell"": null}",,Paid section appears before profile section and is included in main budget context.; Legacy or invalid profile size values were preserved without coercion.,,1005,29,29145
#5273 Estée Lauder Kalkyl (V.A).xlsx,data/reference_workbooks/raw/#5273 Estée Lauder Kalkyl (V.A).xlsx,SE Estee Lauder 90 days,0,visible,usable_with_standardization,At least one valid v1 profile tier was detected.,False,,"{""label_cell"": ""A2"", ""label_value"": ""Kampanjbudget"", ""value"": 80000, ""value_cell"": ""H2""}","{""label_cell"": ""A4"", ""label_value"": ""Nine Agency hantering"", ""value"": 35145, ""value_cell"": ""H4""}",True,"{""label_cell"": ""A7"", ""label_value"": ""Paid"", ""row"": 7}",A7,before_profiles,True,True,"{""columns"": {""activation"": 3, ""channel"": 1, ""cpm"": 7, ""size"": 2}, ""header_cell"": ""A17"", ""header_row"": 17, ""row_count"": 3}",A17 (row 17),B18; B19; B20,3,B18=35; B19=15; B20=35,15000; 35000,,Instagram; TikTok,,TikTok@G18=410; Instagram@G19=545; Instagram@G20=545,"{""label_cell"": ""G23"", ""label_value"": ""Diff:"", ""value"": 10116, ""value_cell"": ""H23""}",,Paid section appears before profile section and is included in main budget context.,,36,18,470
#5273 Estée Lauder Kalkyl (V.A).xlsx,data/reference_workbooks/raw/#5273 Estée Lauder Kalkyl (V.A).xlsx,SE Estee 45 days,1,visible,usable_with_standardization,At least one valid v1 profile tier was detected.,False,,"{""label_cell"": ""A2"", ""label_value"": ""Kampanjbudget"", ""value"": 80000, ""value_cell"": ""H2""}","{""label_cell"": ""A4"", ""label_value"": ""Nine Agency hantering"", ""value"": 35145, ""value_cell"": ""H4""}",True,"{""label_cell"": ""A7"", ""label_value"": ""Paid"", ""row"": 7}",A7,before_profiles,True,True,"{""columns"": {""activation"": 3, ""channel"": 1, ""cpm"": 7, ""size"": 2}, ""header_cell"": ""A17"", ""header_row"": 17, ""row_count"": 3}",A17 (row 17),B18; B19; B20,3,B18=35; B19=35; B20=35,35000,,Instagram; TikTok,,TikTok@G18=410; Instagram@G19=545; Instagram@G20=545,"{""label_cell"": ""G23"", ""label_value"": ""Diff:"", ""value"": 1941, ""value_cell"": ""H23""}",,Paid section appears before profile section and is included in main budget context.,,36,18,471
#5273 Estée Lauder Kalkyl (V.A).xlsx,data/reference_workbooks/raw/#5273 Estée Lauder Kalkyl (V.A).xlsx,DK Estee Lauder 45 dagar,2,visible,usable_with_standardization,At least one valid v1 profile tier was detected.,False,,"{""label_cell"": ""A2"", ""label_value"": ""Kampanjbudget"", ""value"": 80000, ""value_cell"": ""H2""}","{""label_cell"": ""A4"", ""label_value"": ""Nine Agency hantering"", ""value"": 36135, ""value_cell"": ""H4""}",True,"{""label_cell"": ""A7"", ""label_value"": ""Paid"", ""row"": 7}",A7,before_profiles,True,True,"{""columns"": {""activation"": 3, ""channel"": 1, ""cpm"": 7, ""size"": 2}, ""header_cell"": ""A17"", ""header_row"": 17, ""row_count"": 3}",A17 (row 17),B18; B19; B20,3,B18=35; B19=15; B20=35,15000; 35000,,Instagram; TikTok,,TikTok@G18=470; Instagram@G19=625; Instagram@G20=625,"{""label_cell"": ""G23"", ""label_value"": ""Diff:"", ""value"": 4601, ""value_cell"": ""H23""}",,Paid section appears before profile section and is included in main budget context.,,36,17,438
#5273 Estée Lauder Kalkyl (V.A).xlsx,data/reference_workbooks/raw/#5273 Estée Lauder Kalkyl (V.A).xlsx,SE Origins 45 dagar,3,visible,usable_with_standardization,At least one valid v1 profile tier was detected.,False,,"{""label_cell"": ""A2"", ""label_value"": ""Kampanjbudget"", ""value"": 80000, ""value_cell"": ""H2""}","{""label_cell"": ""A4"", ""label_value"": ""Nine Agency hantering"", ""value"": 36135, ""value_cell"": ""H4""}",True,"{""label_cell"": ""A7"", ""label_value"": ""Paid"", ""row"": 7}",A7,before_profiles,True,True,"{""columns"": {""activation"": 3, ""channel"": 1, ""cpm"": 7, ""size"": 2}, ""header_cell"": ""A17"", ""header_row"": 17, ""row_count"": 3}",A17 (row 17),B18; B19; B20,3,B18=35; B19=35; B20=35,35000,,Instagram; TikTok,,TikTok@G18=410; TikTok@G19=410; Instagram@G20=545,"{""label_cell"": ""G23"", ""label_value"": ""Diff:"", ""value"": 2351, ""value_cell"": ""H23""}",,Paid section appears before profile section and is included in main budget context.,,35,17,428
#5273 Estée Lauder Kalkyl (V.A).xlsx,data/reference_workbooks/raw/#5273 Estée Lauder Kalkyl (V.A).xlsx,DK Origins 45 dagar,4,visible,usable_with_standardization,At least one valid v1 profile tier was detected.,False,,"{""label_cell"": ""A2"", ""label_value"": ""Kampanjbudget"", ""value"": 80000, ""value_cell"": ""H2""}","{""label_cell"": ""A4"", ""label_value"": ""Nine Agency hantering"", ""value"": 36135, ""value_cell"": ""H4""}",True,"{""label_cell"": ""A7"", ""label_value"": ""Paid"", ""row"": 7}",A7,before_profiles,True,True,"{""columns"": {""activation"": 3, ""channel"": 1, ""cpm"": 7, ""size"": 2}, ""header_cell"": ""A17"", ""header_row"": 17, ""row_count"": 3}",A17 (row 17),B18; B19; B20,3,B18=15; B19=35; B20=35,15000; 35000,,Instagram; TikTok,,TikTok@G18=470; TikTok@G19=470; Instagram@G20=625,"{""label_cell"": ""G23"", ""label_value"": ""Diff:"", ""value"": 6151, ""value_cell"": ""H23""}",,Paid section appears before profile section and is included in main budget context.,,35,17,425
#5277 Gen 9 _ Pringles Kalkyl (V.A).xlsx,data/reference_workbooks/raw/#5277 Gen 9 _ Pringles Kalkyl (V.A).xlsx,SE €52K,0,visible,usable_with_standardization,At least one valid v1 profile tier was detected.,False,,"{""label_cell"": ""A2"", ""label_value"": ""Kampanjbudget"", ""value"": 52000, ""value_cell"": ""I2""}","{""label_cell"": ""A4"", ""label_value"": ""Nine Agency hantering"", ""value"": 18379, ""value_cell"": ""I4""}",True,"{""label_cell"": ""A31"", ""label_value"": ""Paid: Add on"", ""row"": 31}",A31,after_profiles,False,True,"{""columns"": {""activation"": 4, ""channel"": 1, ""cpm"": 8, ""size"": 2}, ""header_cell"": ""A8"", ""header_row"": 8, ""row_count"": 12}",A8 (row 8),B9; B10; B11; B12; B13; B14; B15; B16; B17; B18; B19; B20,12,B9=35; B10=35; B11=75; B12=75; B13=75; B14=75; B15=75; B16=75; B17=125; B18=125; B19=125; B20=175,35000; 75000; 125000; 175000,,TikTok,,TikTok@H9=35.02; TikTok@H10=35.02; TikTok@H11=35.02; TikTok@H12=35.02; TikTok@H13=35.02; TikTok@H14=35.02; TikTok@H15=35.02; TikTok@H16=35.02; TikTok@H17=35.02; TikTok@H18=35.02; TikTok@H19=35.02; TikTok@H20=35.02,"{""label_cell"": ""H23"", ""label_value"": ""Diff:"", ""value"": 983, ""value_cell"": ""I23""}",,Paid section appears after profile section and is excluded from main optimization.,,43,30,637
#5277 Gen 9 _ Pringles Kalkyl (V.A).xlsx,data/reference_workbooks/raw/#5277 Gen 9 _ Pringles Kalkyl (V.A).xlsx,NO €45K,1,visible,usable_with_standardization,At least one valid v1 profile tier was detected.,False,,"{""label_cell"": ""A2"", ""label_value"": ""Kampanjbudget"", ""value"": 45000, ""value_cell"": ""I2""}","{""label_cell"": ""A4"", ""label_value"": ""Nine Agency hantering"", ""value"": 15768, ""value_cell"": ""I4""}",True,"{""label_cell"": ""A29"", ""label_value"": ""Paid: Add on"", ""row"": 29}",A29,after_profiles,False,True,"{""columns"": {""activation"": 4, ""channel"": 1, ""cpm"": 8, ""size"": 2}, ""header_cell"": ""A8"", ""header_row"": 8, ""row_count"": 10}",A8 (row 8),B9; B10; B11; B12; B13; B14; B15; B16; B17; B18,10,B9=35; B10=35; B11=35; B12=75; B13=75; B14=75; B15=75; B16=125; B17=125; B18=175,35000; 75000; 125000; 175000,,TikTok,,TikTok@H9=40.273; TikTok@H10=40.273; TikTok@H11=40.273; TikTok@H12=40.273; TikTok@H13=40.273; TikTok@H14=40.273; TikTok@H15=40.273; TikTok@H16=40.273; TikTok@H17=40.273; TikTok@H18=40.273,"{""label_cell"": ""H21"", ""label_value"": ""Diff:"", ""value"": 57, ""value_cell"": ""I21""}",,Paid section appears after profile section and is excluded from main optimization.,,42,30,612
#5277 Gen 9 _ Pringles Kalkyl (V.A).xlsx,data/reference_workbooks/raw/#5277 Gen 9 _ Pringles Kalkyl (V.A).xlsx,DK €45K,2,visible,usable_with_standardization,At least one valid v1 profile tier was detected.,False,,"{""label_cell"": ""A2"", ""label_value"": ""Kampanjbudget"", ""value"": 45000, ""value_cell"": ""I2""}","{""label_cell"": ""A4"", ""label_value"": ""Nine Agency hantering"", ""value"": 15768, ""value_cell"": ""I4""}",True,"{""label_cell"": ""A29"", ""label_value"": ""Paid: Add on"", ""row"": 29}",A29,after_profiles,False,True,"{""columns"": {""activation"": 4, ""channel"": 1, ""cpm"": 8, ""size"": 2}, ""header_cell"": ""A8"", ""header_row"": 8, ""row_count"": 10}",A8 (row 8),B9; B10; B11; B12; B13; B14; B15; B16; B17; B18,10,B9=35; B10=35; B11=35; B12=75; B13=75; B14=75; B15=75; B16=125; B17=125; B18=175,35000; 75000; 125000; 175000,,TikTok,,TikTok@H9=40.273; TikTok@H10=40.273; TikTok@H11=40.273; TikTok@H12=40.273; TikTok@H13=40.273; TikTok@H14=40.273; TikTok@H15=40.273; TikTok@H16=40.273; TikTok@H17=40.273; TikTok@H18=40.273,"{""label_cell"": ""H21"", ""label_value"": ""Diff:"", ""value"": 57, ""value_cell"": ""I21""}",,Paid section appears after profile section and is excluded from main optimization.,,43,30,676
#5277 Gen 9 _ Pringles Kalkyl (V.A).xlsx,data/reference_workbooks/raw/#5277 Gen 9 _ Pringles Kalkyl (V.A).xlsx,FI €45K,3,visible,usable_with_standardization,At least one valid v1 profile tier was detected.,False,,"{""label_cell"": ""A2"", ""label_value"": ""Kampanjbudget"", ""value"": 45000, ""value_cell"": ""I2""}","{""label_cell"": ""A4"", ""label_value"": ""Nine Agency hantering"", ""value"": 15768, ""value_cell"": ""I4""}",True,"{""label_cell"": ""A29"", ""label_value"": ""Paid: Add on"", ""row"": 29}",A29,after_profiles,False,True,"{""columns"": {""activation"": 4, ""channel"": 1, ""cpm"": 8, ""size"": 2}, ""header_cell"": ""A8"", ""header_row"": 8, ""row_count"": 10}",A8 (row 8),B9; B10; B11; B12; B13; B14; B15; B16; B17; B18,10,B9=35; B10=35; B11=75; B12=75; B13=75; B14=75; B15=75; B16=125; B17=125; B18=175,35000; 75000; 125000; 175000,,TikTok,,TikTok@H9=38.522; TikTok@H10=38.522; TikTok@H11=38.522; TikTok@H12=38.522; TikTok@H13=38.522; TikTok@H14=38.522; TikTok@H15=38.522; TikTok@H16=38.522; TikTok@H17=38.522; TikTok@H18=38.522,"{""label_cell"": ""H21"", ""label_value"": ""Diff:"", ""value"": 75, ""value_cell"": ""I21""}",,Paid section appears after profile section and is excluded from main optimization.,,42,30,612
5218 Vanish Kalkyl (V.A).xlsx,data/reference_workbooks/raw/5218 Vanish Kalkyl (V.A).xlsx,Kalkylmall Org.,0,visible,legacy_reference_only,Template-like sheet name.,False,,"{""label_cell"": ""A2"", ""label_value"": ""Kampanjbudget"", ""value"": 15000, ""value_cell"": ""H2""}","{""label_cell"": ""A4"", ""label_value"": ""Nine Agency hantering"", ""value"": 5248.75, ""value_cell"": ""H4""}",False,,,not_found,False,True,"{""columns"": {""activation"": 3, ""channel"": 1, ""cpm"": 7, ""size"": 2}, ""header_cell"": ""A8"", ""header_row"": 8, ""row_count"": 5}",A8 (row 8),B9; B10; B11; B12; B13,5,B9=15; B10=35; B11=35; B12=75; B13=120,15000; 35000; 75000,B13=120,Instagram; TikTok,,TikTok@G9=35; TikTok@G10=35; TikTok@G11=35; Instagram@G12=45; Instagram@G13=45,"{""label_cell"": ""G16"", ""label_value"": ""Diff"", ""value"": 269.90625, ""value_cell"": ""H16""}",,Legacy or invalid profile size values were preserved without coercion.,,29,17,346
5218 Vanish Kalkyl (V.A).xlsx,data/reference_workbooks/raw/5218 Vanish Kalkyl (V.A).xlsx,Kalkylmall Paid + Org.,1,hidden,legacy_reference_only,Template-like sheet name.,False,,"{""label_cell"": ""A2"", ""label_value"": ""Kampanjbudget"", ""value"": 0, ""value_cell"": ""H2""}","{""label_cell"": ""A4"", ""label_value"": ""Nine Agency hantering"", ""value"": 0, ""value_cell"": ""I4""}",True,"{""label_cell"": ""A7"", ""label_value"": ""Paid"", ""row"": 7}",A7,before_profiles,True,True,"{""columns"": {""activation"": 3, ""channel"": 1, ""cpm"": 7, ""size"": 2}, ""header_cell"": ""A17"", ""header_row"": 17, ""row_count"": 4}",A17 (row 17),B18; B19; B20; B21,4,,,,Instagram,,Instagram@G18=570; Instagram@G19=570; Instagram@G20=570; Instagram@G21=570,"{""label_cell"": ""G24"", ""label_value"": ""Diff"", ""value"": 0, ""value_cell"": ""H24""}",,Paid section appears before profile section and is included in main budget context.,,37,17,449
5254 Etoro Kalkyl (V.A).xlsx,data/reference_workbooks/raw/5254 Etoro Kalkyl (V.A).xlsx,Summary,0,visible,overview_ignore,Sheet name matched overview keywords: summary.,True,Sheet name matched overview keywords: summary.,,,True,"{""label_cell"": ""A4"", ""label_value"": ""Paid"", ""row"": 4}",A4,unknown_without_profiles,False,False,,,,0,,,,,,,,,,Paid section detected but relative placement is unknown because no profile section was found.,1001,26,11025
5254 Etoro Kalkyl (V.A).xlsx,data/reference_workbooks/raw/5254 Etoro Kalkyl (V.A).xlsx,Norway,1,visible,usable_with_standardization,At least one valid v1 profile tier was detected.,False,,"{""label_cell"": ""A2"", ""label_value"": ""Kampanjbudget"", ""value"": 100000, ""value_cell"": ""H2""}","{""label_cell"": ""A4"", ""label_value"": ""Nine Agency hantering"", ""value"": 37200, ""value_cell"": ""H4""}",True,"{""label_cell"": ""A7"", ""label_value"": ""Paid"", ""row"": 7}",A7,before_profiles,True,True,"{""columns"": {""activation"": 3, ""channel"": 1, ""cpm"": 7, ""size"": 2}, ""header_cell"": ""A20"", ""header_row"": 20, ""row_count"": 10}",A20 (row 20),B21; B22; B23; B24; B25; B26; B27; B28; B29; B30,10,B21=15; B22=15; B23=35; B24=15; B25=15; B26=35; B27=35; B28=15; B29=15; B30=35,15000; 35000,,Instagram; TikTok; YouTube,,TikTok@G21=85.1; TikTok@G22=85.1; TikTok@G23=85.1; Instagram@G24=112.7; Instagram@G25=112.7; Instagram@G26=112.7; Instagram@G27=112.7; Youtube@G28=141.45; Youtube@G29=141.45; Youtube@G30=141.45,"{""label_cell"": ""H33"", ""label_value"": ""diff: 776"", ""value"": null, ""value_cell"": null}",,Paid section appears before profile section and is included in main budget context.,,43,17,433
5254 Etoro Kalkyl (V.A).xlsx,data/reference_workbooks/raw/5254 Etoro Kalkyl (V.A).xlsx,Denmark,2,visible,usable_with_standardization,At least one valid v1 profile tier was detected.,False,,"{""label_cell"": ""A2"", ""label_value"": ""Kampanjbudget"", ""value"": 100000, ""value_cell"": ""H2""}","{""label_cell"": ""A4"", ""label_value"": ""Nine Agency hantering"", ""value"": 37200, ""value_cell"": ""H4""}",True,"{""label_cell"": ""A7"", ""label_value"": ""Paid"", ""row"": 7}",A7,before_profiles,True,True,"{""columns"": {""activation"": 3, ""channel"": 1, ""cpm"": 7, ""size"": 2}, ""header_cell"": ""A20"", ""header_row"": 20, ""row_count"": 10}",A20 (row 20),B21; B22; B23; B24; B25; B26; B27; B28; B29; B30,10,B21=15; B22=15; B23=35; B24=15; B25=15; B26=15; B27=35; B28=15; B29=15; B30=35,15000; 35000,,Instagram; TikTok; YouTube,,TikTok@G21=85.1; TikTok@G22=85.1; TikTok@G23=85.1; Instagram@G24=112.7; Instagram@G25=112.7; Instagram@G26=112.7; Instagram@G27=112.7; Youtube@G28=141.45; Youtube@G29=141.45; Youtube@G30=141.45,"{""label_cell"": ""H33"", ""label_value"": ""diff: 764"", ""value"": null, ""value_cell"": null}",,Paid section appears before profile section and is included in main budget context.,,43,17,431
5254 Etoro Kalkyl (V.A).xlsx,data/reference_workbooks/raw/5254 Etoro Kalkyl (V.A).xlsx,Finland,3,visible,usable_with_standardization,At least one valid v1 profile tier was detected.,False,,"{""label_cell"": ""A2"", ""label_value"": ""Kampanjbudget"", ""value"": 100000, ""value_cell"": ""H2""}","{""label_cell"": ""A4"", ""label_value"": ""Nine Agency hantering"", ""value"": 37200, ""value_cell"": ""H4""}",True,"{""label_cell"": ""A7"", ""label_value"": ""Paid"", ""row"": 7}",A7,before_profiles,True,True,"{""columns"": {""activation"": 3, ""channel"": 1, ""cpm"": 7, ""size"": 2}, ""header_cell"": ""A20"", ""header_row"": 20, ""row_count"": 10}",A20 (row 20),B21; B22; B23; B24; B25; B26; B27; B28; B29; B30,10,B21=35; B22=15; B23=35; B24=15; B25=15; B26=15; B27=35; B28=15; B29=15; B30=15,15000; 35000,,Instagram; TikTok; YouTube,,TikTok@G21=81.4; TikTok@G22=81.4; TikTok@G23=81.4; Instagram@G24=107.8; Instagram@G25=107.8; Instagram@G26=107.8; Instagram@G27=107.8; Youtube@G28=135.3; Youtube@G29=135.3; Youtube@G30=135.3,"{""label_cell"": ""H33"", ""label_value"": ""diff: -375"", ""value"": null, ""value_cell"": null}",,Paid section appears before profile section and is included in main budget context.,,43,17,431
5254 Etoro Kalkyl (V.A).xlsx,data/reference_workbooks/raw/5254 Etoro Kalkyl (V.A).xlsx,Sweden,4,visible,usable_with_standardization,At least one valid v1 profile tier was detected.,False,,"{""label_cell"": ""A2"", ""label_value"": ""Kampanjbudget"", ""value"": 150000, ""value_cell"": ""H2""}","{""label_cell"": ""A4"", ""label_value"": ""Nine Agency hantering"", ""value"": 60720, ""value_cell"": ""H4""}",True,"{""label_cell"": ""A7"", ""label_value"": ""Paid"", ""row"": 7}",A7,before_profiles,True,True,"{""columns"": {""activation"": 3, ""channel"": 1, ""cpm"": 7, ""size"": 2}, ""header_cell"": ""A20"", ""header_row"": 20, ""row_count"": 15}",A20 (row 20),B21; B22; B23; B24; B25; B26; B27; B28; B29; B30; B31; B32; B33; B34; B35,15,B21=15; B22=35; B23=35; B24=35; B25=35; B26=35; B27=35; B28=15; B29=15; B30=15; B31=35; B32=35; B33=15; B34=15; B35=35,15000; 35000,,Instagram; TikTok; YouTube,,TikTok@G21=74; Tiktok@G22=74; Tiktok@G23=74; TikTok@G24=74; TikTok@G25=74; TikTok@G26=74; TikTok@G27=74; Instagram@G28=98; Instagram@G29=98; Instagram@G30=98; Instagram@G31=98; instagram@G32=98; Youtube@G33=123; Youtube@G34=123; Youtube@G35=123,"{""label_cell"": ""H38"", ""label_value"": ""diff: 454"", ""value"": null, ""value_cell"": null}",,Paid section appears before profile section and is included in main budget context.,,48,17,464
5254 Etoro Kalkyl (V.A).xlsx,data/reference_workbooks/raw/5254 Etoro Kalkyl (V.A).xlsx,Italy,5,visible,usable_with_standardization,At least one valid v1 profile tier was detected.,False,,"{""label_cell"": ""A2"", ""label_value"": ""Kampanjbudget"", ""value"": 200000, ""value_cell"": ""H2""}","{""label_cell"": ""A4"", ""label_value"": ""Nine Agency hantering"", ""value"": 67440, ""value_cell"": ""H4""}",True,"{""label_cell"": ""A7"", ""label_value"": ""Paid"", ""row"": 7}",A7,before_profiles,True,True,"{""columns"": {""activation"": 3, ""channel"": 1, ""cpm"": 7, ""size"": 2}, ""header_cell"": ""A20"", ""header_row"": 20, ""row_count"": 15}",A20 (row 20),B21; B22; B23; B24; B25; B26; B27; B28; B29; B30; B31; B32; B33; B34; B35,15,B21=15; B22=15; B23=35; B24=35; B25=75; B26=75; B27=35; B28=35; B29=35; B30=75; B31=75; B32=75; B33=35; B34=35; B35=75,15000; 35000; 75000,,Instagram; TikTok; YouTube,,Tiktok@G21=67; TikTok@G22=67; TikTok@G23=67; TikTok@G24=67; TikTok@G25=67; TikTok@G26=67; Instagram@G27=89; Instagram@G28=89; Instagram@G29=89; Instagram@G30=89; Instagram@G31=89; Instagram@G32=89; Youtube@G33=111; Youtube@G34=111; Youtube@G35=111,"{""label_cell"": ""H38"", ""label_value"": ""diff: 3238"", ""value"": null, ""value_cell"": null}",,Paid section appears before profile section and is included in main budget context.,,48,17,464
5254 Etoro Kalkyl (V.A).xlsx,data/reference_workbooks/raw/5254 Etoro Kalkyl (V.A).xlsx,Germany,6,visible,usable_with_standardization,At least one valid v1 profile tier was detected.,False,,"{""label_cell"": ""A2"", ""label_value"": ""Kampanjbudget"", ""value"": 300000, ""value_cell"": ""H2""}","{""label_cell"": ""A4"", ""label_value"": ""Nine Agency hantering"", ""value"": 87120, ""value_cell"": ""H4""}",True,"{""label_cell"": ""A7"", ""label_value"": ""Paid"", ""row"": 7}",A7,before_profiles,True,True,"{""columns"": {""activation"": 3, ""channel"": 1, ""cpm"": 7, ""size"": 2}, ""header_cell"": ""A20"", ""header_row"": 20, ""row_count"": 20}",A20 (row 20),B21; B22; B23; B24; B25; B26; B27; B28; B29; B30; B31; B32; B33; B34; B35; B36; B37; B38; B39; B40,20,B21=15; B22=15; B23=15; B24=15; B25=15; B26=35; B27=35; B28=15; B29=15; B30=35; B31=35; B32=35; B33=35; B34=35; B35=75; B36=15; B37=15; B38=35; B39=75; B40=75,15000; 35000; 75000,,Instagram; TikTok; YouTube,,Tiktok@G21=131; TikTok@G22=131; TikTok@G23=131; TikTok@G24=131; TikTok@G25=131; TikTok@G26=131; TikTok@G27=131; Instagram@G28=175; Instagram@G29=175; Instagram@G30=175; Instagram@G31=175; Instagram@G32=175; Instagram@G33=175; Instagram@G34=175; Instagram@G35=175; Youtube@G36=142; Youtube@G37=142; Youtube@G38=142; Youtube@G39=142; Youtube@G40=142,"{""label_cell"": ""H43"", ""label_value"": ""diff: 99"", ""value"": null, ""value_cell"": null}",,Paid section appears before profile section and is included in main budget context.,,53,17,503
5254 Etoro Kalkyl (V.A).xlsx,data/reference_workbooks/raw/5254 Etoro Kalkyl (V.A).xlsx,France,7,visible,usable_with_standardization,At least one valid v1 profile tier was detected.,False,,"{""label_cell"": ""A2"", ""label_value"": ""Kampanjbudget"", ""value"": 300000, ""value_cell"": ""H2""}","{""label_cell"": ""A4"", ""label_value"": ""Nine Agency hantering"", ""value"": 87120, ""value_cell"": ""H4""}",True,"{""label_cell"": ""A7"", ""label_value"": ""Paid"", ""row"": 7}",A7,before_profiles,True,True,"{""columns"": {""activation"": 3, ""channel"": 1, ""cpm"": 7, ""size"": 2}, ""header_cell"": ""A20"", ""header_row"": 20, ""row_count"": 20}",A20 (row 20),B21; B22; B23; B24; B25; B26; B27; B28; B29; B30; B31; B32; B33; B34; B35; B36; B37; B38; B39; B40,20,B21=15; B22=15; B23=35; B24=35; B25=75; B26=75; B27=125; B28=35; B29=35; B30=35; B31=35; B32=75; B33=75; B34=125; B35=125; B36=35; B37=35; B38=35; B39=75; B40=75,15000; 35000; 75000; 125000,,Instagram; TikTok; YouTube,,Tiktok@G21=67; TikTok@G22=67; TikTok@G23=67; TikTok@G24=67; TikTok@G25=67; TikTok@G26=67; TikTok@G27=67; Instagram@G28=89; Instagram@G29=89; Instagram@G30=89; Instagram@G31=89; Instagram@G32=89; Instagram@G33=89; Instagram@G34=89; Instagram@G35=89; Youtube@G36=111; Youtube@G37=111; Youtube@G38=111; Youtube@G39=111; Youtube@G40=111,"{""label_cell"": ""H43"", ""label_value"": ""diff: 2839"", ""value"": null, ""value_cell"": null}",,Paid section appears before profile section and is included in main budget context.,,53,17,526
5254 Etoro Kalkyl (V.A).xlsx,data/reference_workbooks/raw/5254 Etoro Kalkyl (V.A).xlsx,UK,8,visible,usable_with_standardization,At least one valid v1 profile tier was detected.,False,,"{""label_cell"": ""A2"", ""label_value"": ""Kampanjbudget"", ""value"": 300000, ""value_cell"": ""H2""}","{""label_cell"": ""A4"", ""label_value"": ""Nine Agency hantering"", ""value"": 86160, ""value_cell"": ""H4""}",True,"{""label_cell"": ""A7"", ""label_value"": ""Paid"", ""row"": 7}",A7,before_profiles,True,True,"{""columns"": {""activation"": 3, ""channel"": 1, ""cpm"": 7, ""size"": 2}, ""header_cell"": ""A20"", ""header_row"": 20, ""row_count"": 20}",A20 (row 20),B21; B22; B23; B24; B25; B26; B27; B28; B29; B30; B31; B32; B33; B34; B35; B36; B37; B38; B39; B40,20,B21=15; B22=15; B23=15; B24=15; B25=35; B26=35; B27=35; B28=35; B29=35; B30=35; B31=35; B32=35; B33=75; B34=75; B35=75; B36=35; B37=35; B38=35; B39=75; B40=75,15000; 35000; 75000,,Instagram; TikTok; YouTube,,TikTok@G21=89; TikTok@G22=89; TikTok@G23=89; TikTok@G24=89; TikTok@G25=89; TikTok@G26=89; TikTok@G27=89; Instagram@G28=118; Instagram@G29=118; Instagram@G30=118; Instagram@G31=118; Instagram@G32=118; Instagram@G33=118; Instagram@G34=118; Instagram@G35=118; Youtube@G36=148; Youtube@G37=148; Youtube@G38=148; Youtube@G39=148; Youtube@G40=148,"{""label_cell"": ""H43"", ""label_value"": ""diff: 1617"", ""value"": null, ""value_cell"": null}",,Paid section appears before profile section and is included in main budget context.,,53,17,494
5272 Smart Agro Hub Kalkyl (V.A).xlsx,data/reference_workbooks/raw/5272 Smart Agro Hub Kalkyl (V.A).xlsx,Decision makers,0,visible,legacy_reference_only,Unsupported profile channels present in profile section.,False,,"{""label_cell"": ""A2"", ""label_value"": ""Kampanjbudget"", ""value"": 25000, ""value_cell"": ""H2""}","{""label_cell"": ""A4"", ""label_value"": ""Nine Agency hantering"", ""value"": 8064, ""value_cell"": ""H4""}",True,"{""label_cell"": ""A7"", ""label_value"": ""Paid"", ""row"": 7}",A7,before_profiles,True,True,"{""columns"": {""activation"": 3, ""channel"": 1, ""cpm"": 7, ""size"": 2}, ""header_cell"": ""A17"", ""header_row"": 17, ""row_count"": 4}",A17 (row 17),B18; B19; B20; B21,4,B18=15; B19=35; B20=35; B21=35,15000; 35000,,Instagram,LinkedIn,Linkedin@G18=175; Linkedin@G19=175; Instagram@G20=177; Instagram@G21=177,"{""label_cell"": ""G24"", ""label_value"": ""Diff:"", ""value"": 722.05, ""value_cell"": ""H24""}",,Paid section appears before profile section and is included in main budget context.,,1001,17,1360
5272 Smart Agro Hub Kalkyl (V.A).xlsx,data/reference_workbooks/raw/5272 Smart Agro Hub Kalkyl (V.A).xlsx,Farmers & Industry,1,visible,usable_with_standardization,At least one valid v1 profile tier was detected.,False,,"{""label_cell"": ""A2"", ""label_value"": ""Kampanjbudget"", ""value"": 25000, ""value_cell"": ""H2""}","{""label_cell"": ""A4"", ""label_value"": ""Nine Agency hantering"", ""value"": 8064, ""value_cell"": ""H4""}",True,"{""label_cell"": ""A7"", ""label_value"": ""Paid"", ""row"": 7}",A7,before_profiles,True,True,"{""columns"": {""activation"": 3, ""channel"": 1, ""cpm"": 7, ""size"": 2}, ""header_cell"": ""A16"", ""header_row"": 16, ""row_count"": 4}",A16 (row 16),B17; B18; B19; B20,4,B17=15; B18=15; B19=35; B20=35,15000; 35000,,Instagram,,Instagram@G17=177; Instagram@G18=177; Instagram@G19=177; Instagram@G20=177,"{""label_cell"": ""G23"", ""label_value"": ""Diff:"", ""value"": -192.95, ""value_cell"": ""H23""}",,Paid section appears before profile section and is included in main budget context.,,1000,17,1347
5272 Smart Agro Hub Kalkyl (V.A).xlsx,data/reference_workbooks/raw/5272 Smart Agro Hub Kalkyl (V.A).xlsx,Students and General Public,2,visible,usable_with_standardization,At least one valid v1 profile tier was detected.,False,,"{""label_cell"": ""A2"", ""label_value"": ""Kampanjbudget"", ""value"": 25000, ""value_cell"": ""H2""}","{""label_cell"": ""A4"", ""label_value"": ""Nine Agency hantering"", ""value"": 8064, ""value_cell"": ""H4""}",True,"{""label_cell"": ""A7"", ""label_value"": ""Paid"", ""row"": 7}",A7,before_profiles,True,True,"{""columns"": {""activation"": 3, ""channel"": 1, ""cpm"": 7, ""size"": 2}, ""header_cell"": ""A17"", ""header_row"": 17, ""row_count"": 4}",A17 (row 17),B18; B19; B20; B21,4,B18=35; B19=35; B20=35; B21=35,35000,,Instagram; TikTok,,Instagram@G18=138; Instagram@G19=138; TikTok@G20=84; TikTok@G21=84,"{""label_cell"": ""G24"", ""label_value"": ""Diff:"", ""value"": 257.05, ""value_cell"": ""H24""}",,Paid section appears before profile section and is included in main budget context.,,1000,17,1347
5278 MQ Marquet Kalkyl (V.A).xlsx,data/reference_workbooks/raw/5278 MQ Marquet Kalkyl (V.A).xlsx,200K Kalkylmall Paid + Org.,0,visible,legacy_reference_only,Template-like sheet name.,False,,"{""label_cell"": ""A2"", ""label_value"": ""Kampanjbudget"", ""value"": 200000, ""value_cell"": ""H2""}","{""label_cell"": ""A4"", ""label_value"": ""Nine Agency hantering"", ""value"": 66083, ""value_cell"": ""H4""}",True,"{""label_cell"": ""A7"", ""label_value"": ""Paid"", ""row"": 7}",A7,before_profiles,True,True,"{""columns"": {""activation"": 3, ""channel"": 1, ""cpm"": 7, ""size"": 2}, ""header_cell"": ""A17"", ""header_row"": 17, ""row_count"": 5}",A17 (row 17),B18; B19; B20; B21; B22,5,B18=35; B19=75; B20=75; B21=UGC; B22=UGC,35000; 75000,B21=UGC; B22=UGC,Instagram,,Instagram@G18=570; Instagram@G19=570; Instagram@G20=570; UGC@G21=0; UGC@G22=0,"{""label_cell"": ""G25"", ""label_value"": ""Diff:"", ""value"": 1173.225, ""value_cell"": ""H25""}",,Paid section appears before profile section and is included in main budget context.; Legacy or invalid profile size values were preserved without coercion.,,37,17,453
5278 MQ Marquet Kalkyl (V.A).xlsx,data/reference_workbooks/raw/5278 MQ Marquet Kalkyl (V.A).xlsx,350K Kalkylmall Paid + Org.,1,visible,legacy_reference_only,Template-like sheet name.,False,,"{""label_cell"": ""A2"", ""label_value"": ""Kampanjbudget"", ""value"": 350000, ""value_cell"": ""H2""}","{""label_cell"": ""A4"", ""label_value"": ""Nine Agency hantering"", ""value"": 123503, ""value_cell"": ""H4""}",True,"{""label_cell"": ""A7"", ""label_value"": ""Paid"", ""row"": 7}",A7,before_profiles,True,True,"{""columns"": {""activation"": 3, ""channel"": 1, ""cpm"": 7, ""size"": 2}, ""header_cell"": ""A17"", ""header_row"": 17, ""row_count"": 10}",A17 (row 17),B18; B19; B20; B21; B22; B23; B24; B25; B26; B27,10,B18=15; B19=15; B20=35; B21=35; B22=75; B23=125; B24=UGC; B25=UGC; B26=UGC; B27=UGC,15000; 35000; 75000; 125000,B24=UGC; B25=UGC; B26=UGC; B27=UGC,Instagram,,Instagram@G18=570; Instagram@G19=570; Instagram@G20=570; Instagram@G21=570; Instagram@G22=570; Instagram@G23=570; UGC@G24=0; UGC@G25=0; UGC@G26=0; UGC@G27=0,"{""label_cell"": ""G30"", ""label_value"": ""Diff:"", ""value"": 2397.225, ""value_cell"": ""H30""}",,Paid section appears before profile section and is included in main budget context.; Legacy or invalid profile size values were preserved without coercion.,,42,29,597
5290 Skånska Byggvaror Kalkyl (V.A).xlsx,data/reference_workbooks/raw/5290 Skånska Byggvaror Kalkyl (V.A).xlsx,Kalkylmall Org.,0,hidden,legacy_reference_only,Template-like sheet name.,False,,"{""label_cell"": ""A2"", ""label_value"": ""Kampanjbudget"", ""value"": 0, ""value_cell"": ""H2""}","{""label_cell"": ""A4"", ""label_value"": ""Nine Agency hantering"", ""value"": 0, ""value_cell"": ""H4""}",False,,,not_found,False,True,"{""columns"": {""activation"": 3, ""channel"": 1, ""cpm"": 7, ""size"": 2}, ""header_cell"": ""A8"", ""header_row"": 8, ""row_count"": 6}",A8 (row 8),B9; B10; B11; B12; B13; B14,6,B9=Profile á xxK; B10=Profile á xxK; B11=Profile á xxK; B12=Profile á xxK; B13=Profile á xxK; B14=Profile á xxK,,B10=Profile á xxK; B11=Profile á xxK; B12=Profile á xxK; B13=Profile á xxK; B14=Profile á xxK; B9=Profile á xxK,,,,,,Legacy or invalid profile size values were preserved without coercion.,,30,17,354
5290 Skånska Byggvaror Kalkyl (V.A).xlsx,data/reference_workbooks/raw/5290 Skånska Byggvaror Kalkyl (V.A).xlsx,Kalkylmall Paid + Org.,1,visible,legacy_reference_only,Template-like sheet name.,False,,"{""label_cell"": ""A2"", ""label_value"": ""Kampanjbudget"", ""value"": 250000, ""value_cell"": ""H2""}","{""label_cell"": ""A4"", ""label_value"": ""Nine Agency hantering"", ""value"": 88506, ""value_cell"": ""H4""}",True,"{""label_cell"": ""A7"", ""label_value"": ""Paid"", ""row"": 7}",A7,before_profiles,True,True,"{""columns"": {""activation"": 3, ""channel"": 1, ""cpm"": 7, ""size"": 2}, ""header_cell"": ""A17"", ""header_row"": 17, ""row_count"": 4}",A17 (row 17),B18; B19; B20; B21,4,B18=15; B19=15; B20=35; B21=75,15000; 35000; 75000,,Instagram,,Instagram@G18=570; Instagram@G19=570; Instagram@G20=570; Instagram@G21=570,"{""label_cell"": ""G24"", ""label_value"": ""Diff"", ""value"": 694.45, ""value_cell"": ""H24""}",,Paid section appears before profile section and is included in main budget context.,,37,17,448
5295 Trion Kalkyl (V.A).xlsx,data/reference_workbooks/raw/5295 Trion Kalkyl (V.A).xlsx,Kalkylmall Org.,0,hidden,legacy_reference_only,Template-like sheet name.,False,,"{""label_cell"": ""A2"", ""label_value"": ""Kampanjbudget"", ""value"": 0, ""value_cell"": ""H2""}","{""label_cell"": ""A4"", ""label_value"": ""Nine Agency hantering"", ""value"": 0, ""value_cell"": ""H4""}",False,,,not_found,False,True,"{""columns"": {""activation"": 3, ""channel"": 1, ""cpm"": 7, ""size"": 2}, ""header_cell"": ""A8"", ""header_row"": 8, ""row_count"": 6}",A8 (row 8),B9; B10; B11; B12; B13; B14,6,B9=Profile á xxK; B10=Profile á xxK; B11=Profile á xxK; B12=Profile á xxK; B13=Profile á xxK; B14=Profile á xxK,,B10=Profile á xxK; B11=Profile á xxK; B12=Profile á xxK; B13=Profile á xxK; B14=Profile á xxK; B9=Profile á xxK,,,,,,Legacy or invalid profile size values were preserved without coercion.,,30,17,354
5295 Trion Kalkyl (V.A).xlsx,data/reference_workbooks/raw/5295 Trion Kalkyl (V.A).xlsx,Kalkylmall Paid + Org.,1,visible,legacy_reference_only,Template-like sheet name.,False,,"{""label_cell"": ""A2"", ""label_value"": ""Kampanjbudget"", ""value"": 10000, ""value_cell"": ""H2""}","{""label_cell"": ""A4"", ""label_value"": ""Nine Agency hantering"", ""value"": 4717.44, ""value_cell"": ""H4""}",True,"{""label_cell"": ""A7"", ""label_value"": ""Paid"", ""row"": 7}",A7,before_profiles,True,True,"{""columns"": {""activation"": 3, ""channel"": 1, ""cpm"": 7, ""size"": 2}, ""header_cell"": ""A17"", ""header_row"": 17, ""row_count"": 3}",A17 (row 17),B18; B19; B20,3,B18=10; B19=–,,B18=10; B19=–,,Egna kanaler,Egna kanaler@G18=38.63636364,,,Paid section appears before profile section and is included in main budget context.; Legacy or invalid profile size values were preserved without coercion.,,36,17,432
5296 Billio x Klarna kalkyl (V.A).xlsx,data/reference_workbooks/raw/5296 Billio x Klarna kalkyl (V.A).xlsx,150K 90 days rights,0,hidden,legacy_reference_only,Hidden sheet.,False,,"{""label_cell"": ""A2"", ""label_value"": ""Kampanjbudget"", ""value"": 150000, ""value_cell"": ""H2""}","{""label_cell"": ""A4"", ""label_value"": ""Nine Agency hantering"", ""value"": 51698, ""value_cell"": ""H4""}",False,,,not_found,False,True,"{""columns"": {""activation"": 3, ""channel"": 1, ""cpm"": 7, ""size"": 2}, ""header_cell"": ""A8"", ""header_row"": 8, ""row_count"": 4}",A8 (row 8),B9; B10; B11; B12,4,B9=35; B10=35; B11=35; B12=75,35000; 75000,,Instagram,,Instagram@G9=570; Instagram@G10=570; Instagram@G11=570; Instagram@G12=570,,,,,27,18,326
5296 Billio x Klarna kalkyl (V.A).xlsx,data/reference_workbooks/raw/5296 Billio x Klarna kalkyl (V.A).xlsx,150K 90dagar,1,visible,usable_with_standardization,At least one valid v1 profile tier was detected.; Legacy or invalid profile size values were detected.,False,,"{""label_cell"": ""A2"", ""label_value"": ""Kampanjbudget"", ""value"": 150000, ""value_cell"": ""H2""}","{""label_cell"": ""A4"", ""label_value"": ""Nine Agency hantering"", ""value"": 51698, ""value_cell"": ""H4""}",False,,,not_found,False,True,"{""columns"": {""activation"": 3, ""channel"": 1, ""cpm"": 7, ""size"": 2}, ""header_cell"": ""A8"", ""header_row"": 8, ""row_count"": 4}",A8 (row 8),B9; B10; B11; B12,4,B9=35; B10=35; B11=35; B12=-,35000,B12=-,Instagram,,Instagram@G9=570; Instagram@G10=570; Instagram@G11=570,,,Legacy or invalid profile size values were preserved without coercion.,,27,18,327
5296 Billio x Klarna kalkyl (V.A).xlsx,data/reference_workbooks/raw/5296 Billio x Klarna kalkyl (V.A).xlsx,NY 150K 90dagar,2,visible,usable_with_standardization,At least one valid v1 profile tier was detected.; Legacy or invalid profile size values were detected.,False,,"{""label_cell"": ""A2"", ""label_value"": ""Kampanjbudget"", ""value"": 170000, ""value_cell"": ""H2""}","{""label_cell"": ""A4"", ""label_value"": ""Nine Agency hantering"", ""value"": 63509, ""value_cell"": ""H4""}",False,,,not_found,False,True,"{""columns"": {""activation"": 3, ""channel"": 1, ""cpm"": 7, ""size"": 2}, ""header_cell"": ""A8"", ""header_row"": 8, ""row_count"": 5}",A8 (row 8),B9; B10; B11; B12; B13,5,B9=35; B10=35; B11=35; B12=-; B13=-,35000,B12=-; B13=-,Instagram,,Instagram@G9=570; Instagram@G10=570; Instagram@G11=570,,,Legacy or invalid profile size values were preserved without coercion.,,28,18,344
5296 Billio x Klarna kalkyl (V.A).xlsx,data/reference_workbooks/raw/5296 Billio x Klarna kalkyl (V.A).xlsx,150K normala rättigheter,3,visible,usable_with_standardization,At least one valid v1 profile tier was detected.; Legacy or invalid profile size values were detected.,False,,"{""label_cell"": ""A2"", ""label_value"": ""Kampanjbudget"", ""value"": 150000, ""value_cell"": ""H2""}","{""label_cell"": ""A4"", ""label_value"": ""Nine Agency hantering"", ""value"": 63509, ""value_cell"": ""H4""}",False,,,not_found,False,True,"{""columns"": {""activation"": 3, ""channel"": 1, ""cpm"": 7, ""size"": 2}, ""header_cell"": ""A8"", ""header_row"": 8, ""row_count"": 5}",A8 (row 8),B9; B10; B11; B12; B13,5,B9=35; B10=35; B11=75; B12=-; B13=-,35000; 75000,B12=-; B13=-,Instagram,,Instagram@G9=570; Instagram@G10=570; Instagram@G11=570,,,Legacy or invalid profile size values were preserved without coercion.,,27,18,326
5311 Dear Dahlia Kalkyl (V.A).xlsx,data/reference_workbooks/raw/5311 Dear Dahlia Kalkyl (V.A).xlsx,10 profiler,0,visible,canonical_candidate,Modern workbook selected as a reliable canonical Phase 0 reference.,False,,"{""label_cell"": ""A2"", ""label_value"": ""Kampanjbudget"", ""value"": 32000, ""value_cell"": ""H2""}","{""label_cell"": ""A4"", ""label_value"": ""Nine Agency hantering"", ""value"": 14904, ""value_cell"": ""H4""}",True,"{""label_cell"": ""A27"", ""label_value"": ""Add on: Paid"", ""row"": 27}",A27,after_profiles,False,True,"{""columns"": {""activation"": 3, ""channel"": 1, ""cpm"": 7, ""size"": 2}, ""header_cell"": ""A8"", ""header_row"": 8, ""row_count"": 10}",A8 (row 8),B9; B10; B11; B12; B13; B14; B15; B16; B17; B18,10,B9=35; B10=35; B11=35; B12=75; B13=75; B14=35; B15=35; B16=35; B17=75; B18=75,35000; 75000,,Instagram; TikTok,,TikTok@G9=35; TikTok@G10=35; TikTok@G11=35; TikTok@G12=35; TikTok@G13=35; Instagram@G14=46; Instagram@G15=46; Instagram@G16=46; Instagram@G17=46; Instagram@G18=46,"{""label_cell"": ""G21"", ""label_value"": ""Diff:"", ""value"": -46.2, ""value_cell"": ""H21""}",,Paid section appears after profile section and is excluded from main optimization.,,37,17,457
5311 Dear Dahlia Kalkyl (V.A).xlsx,data/reference_workbooks/raw/5311 Dear Dahlia Kalkyl (V.A).xlsx,20 profiler,1,visible,canonical_candidate,Modern workbook selected as a reliable canonical Phase 0 reference.,False,,"{""label_cell"": ""A2"", ""label_value"": ""Kampanjbudget"", ""value"": 63000, ""value_cell"": ""H2""}","{""label_cell"": ""A4"", ""label_value"": ""Nine Agency hantering"", ""value"": 28584, ""value_cell"": ""H4""}",True,"{""label_cell"": ""A37"", ""label_value"": ""Add on: Paid"", ""row"": 37}",A37,after_profiles,False,True,"{""columns"": {""activation"": 3, ""channel"": 1, ""cpm"": 7, ""size"": 2}, ""header_cell"": ""A8"", ""header_row"": 8, ""row_count"": 20}",A8 (row 8),B9; B10; B11; B12; B13; B14; B15; B16; B17; B18; B19; B20; B21; B22; B23; B24; B25; B26; B27; B28,20,B9=35; B10=35; B11=35; B12=35; B13=35; B14=35; B15=75; B16=75; B17=75; B18=75; B19=35; B20=35; B21=35; B22=35; B23=35; B24=35; B25=75; B26=75; B27=75; B28=75,35000; 75000,,Instagram; TikTok,,TikTok@G9=35; TikTok@G10=35; TikTok@G11=35; TikTok@G12=35; TikTok@G13=35; TikTok@G14=35; TikTok@G15=35; TikTok@G16=35; TikTok@G17=35; TikTok@G18=35; Instagram@G19=46; Instagram@G20=46; Instagram@G21=46; Instagram@G22=46; Instagram@G23=46; Instagram@G24=46; Instagram@G25=46; Instagram@G26=46; Instagram@G27=46; Instagram@G28=46,"{""label_cell"": ""G31"", ""label_value"": ""Diff:"", ""value"": 114.8, ""value_cell"": ""H31""}",,Paid section appears after profile section and is excluded from main optimization.,,47,29,747
5311 Dear Dahlia Kalkyl (V.A).xlsx,data/reference_workbooks/raw/5311 Dear Dahlia Kalkyl (V.A).xlsx,30 profiler,2,visible,canonical_candidate,Modern workbook selected as a reliable canonical Phase 0 reference.,False,,"{""label_cell"": ""A2"", ""label_value"": ""Kampanjbudget"", ""value"": 95000, ""value_cell"": ""H2""}","{""label_cell"": ""A4"", ""label_value"": ""Nine Agency hantering"", ""value"": 42264, ""value_cell"": ""H4""}",True,"{""label_cell"": ""A47"", ""label_value"": ""Add on: Paid"", ""row"": 47}",A47,after_profiles,False,True,"{""columns"": {""activation"": 3, ""channel"": 1, ""cpm"": 7, ""size"": 2}, ""header_cell"": ""A8"", ""header_row"": 8, ""row_count"": 30}",A8 (row 8),B9; B10; B11; B12; B13; B14; B15; B16; B17; B18; B19; B20; B21; B22; B23; B24; B25; B26; B27; B28; B29; B30; B31; B32; B33; B34; B35; B36; B37; B38,30,B9=35; B10=35; B11=35; B12=35; B13=35; B14=35; B15=35; B16=75; B17=75; B18=75; B19=75; B20=75; B21=75; B22=75; B23=75; B24=35; B25=35; B26=35; B27=35; B28=35; B29=35; B30=35; B31=35; B32=35; B33=35; B34=75; B35=75; B36=75; B37=75; B38=75,35000; 75000,,Instagram; TikTok,,TikTok@G9=35; TikTok@G10=35; TikTok@G11=35; TikTok@G12=35; TikTok@G13=35; TikTok@G14=35; TikTok@G15=35; TikTok@G16=35; TikTok@G17=35; TikTok@G18=35; TikTok@G19=35; TikTok@G20=35; TikTok@G21=35; TikTok@G22=35; TikTok@G23=35; Instagram@G24=46; Instagram@G25=46; Instagram@G26=46; Instagram@G27=46; Instagram@G28=46; Instagram@G29=46; Instagram@G30=46; Instagram@G31=46; Instagram@G32=46; Instagram@G33=46; Instagram@G34=46; Instagram@G35=46; Instagram@G36=46; Instagram@G37=46; Instagram@G38=46,"{""label_cell"": ""G41"", ""label_value"": ""Diff:"", ""value"": 480.8, ""value_cell"": ""H41""}",,Paid section appears after profile section and is excluded from main optimization.,,57,29,1037
5311 Dear Dahlia Kalkyl (V.A).xlsx,data/reference_workbooks/raw/5311 Dear Dahlia Kalkyl (V.A).xlsx,Masskampanj,3,visible,overview_ignore,Sheet name matched overview keywords: masskampanj.,True,Sheet name matched overview keywords: masskampanj.,,,False,,,not_found,False,False,,,,0,,,,,,,,,,,998,26,25948
5311 Dear Dahlia Kalkyl (V.A).xlsx,data/reference_workbooks/raw/5311 Dear Dahlia Kalkyl (V.A).xlsx,Kalkylmall Paid + Org.,4,hidden,legacy_reference_only,Template-like sheet name.,False,,"{""label_cell"": ""A2"", ""label_value"": ""Kampanjbudget"", ""value"": 0, ""value_cell"": ""H2""}","{""label_cell"": ""A4"", ""label_value"": ""Nine Agency hantering"", ""value"": 0, ""value_cell"": ""I4""}",True,"{""label_cell"": ""A7"", ""label_value"": ""Paid"", ""row"": 7}",A7,before_profiles,True,True,"{""columns"": {""activation"": 3, ""channel"": 1, ""cpm"": 7, ""size"": 2}, ""header_cell"": ""A17"", ""header_row"": 17, ""row_count"": 4}",A17 (row 17),B18; B19; B20; B21,4,,,,Instagram,,Instagram@G18=570; Instagram@G19=570; Instagram@G20=570; Instagram@G21=570,"{""label_cell"": ""G24"", ""label_value"": ""Diff"", ""value"": 0, ""value_cell"": ""H24""}",,Paid section appears before profile section and is included in main budget context.,,37,17,449
5312 Medclair Kalkyl (V.A).xlsx,data/reference_workbooks/raw/5312 Medclair Kalkyl (V.A).xlsx,Kalkylmall Org.,0,hidden,legacy_reference_only,Template-like sheet name.,False,,"{""label_cell"": ""A2"", ""label_value"": ""Kampanjbudget"", ""value"": 0, ""value_cell"": ""H2""}","{""label_cell"": ""A4"", ""label_value"": ""Nine Agency hantering"", ""value"": 0, ""value_cell"": ""H4""}",False,,,not_found,False,True,"{""columns"": {""activation"": 3, ""channel"": 1, ""cpm"": 7, ""size"": 2}, ""header_cell"": ""A8"", ""header_row"": 8, ""row_count"": 6}",A8 (row 8),B9; B10; B11; B12; B13; B14,6,B9=Profile á xxK; B10=Profile á xxK; B11=Profile á xxK; B12=Profile á xxK; B13=Profile á xxK; B14=Profile á xxK,,B10=Profile á xxK; B11=Profile á xxK; B12=Profile á xxK; B13=Profile á xxK; B14=Profile á xxK; B9=Profile á xxK,,,,,,Legacy or invalid profile size values were preserved without coercion.,,30,17,354
5312 Medclair Kalkyl (V.A).xlsx,data/reference_workbooks/raw/5312 Medclair Kalkyl (V.A).xlsx,UK,1,hidden,legacy_reference_only,Hidden sheet.,False,,"{""label_cell"": ""A2"", ""label_value"": ""Kampanjbudget"", ""value"": 600000, ""value_cell"": ""H2""}","{""label_cell"": ""A4"", ""label_value"": ""Nine Agency hantering"", ""value"": 180000, ""value_cell"": ""H4""}",True,"{""label_cell"": ""A7"", ""label_value"": ""Paid"", ""row"": 7}",A7,before_profiles,True,True,"{""columns"": {""activation"": 3, ""channel"": 1, ""cpm"": 7, ""size"": 2}, ""header_cell"": ""A17"", ""header_row"": 17, ""row_count"": 6}",A17 (row 17),B18; B19; B20; B21; B22; B23,6,B18=10; B19=20; B20=30; B21=10; B22=20; B23=30,,B18=10; B19=20; B20=30; B21=10; B22=20; B23=30,Instagram; TikTok,,TikTok@G18=979; TikTok@G19=979; TikTok@G20=979; Instagram@G21=1298; Instagram@G22=1298; Instagram@G23=1298,"{""label_cell"": ""G26"", ""label_value"": ""Diff"", ""value"": 51755, ""value_cell"": ""H26""}",,Paid section appears before profile section and is included in main budget context.; Legacy or invalid profile size values were preserved without coercion.,,50,17,634
5312 Medclair Kalkyl (V.A).xlsx,data/reference_workbooks/raw/5312 Medclair Kalkyl (V.A).xlsx,600K,2,visible,canonical_candidate,Modern workbook selected as a reliable canonical Phase 0 reference.,False,,"{""label_cell"": ""A2"", ""label_value"": ""Kampanjbudget"", ""value"": 600000, ""value_cell"": ""H2""}","{""label_cell"": ""A4"", ""label_value"": ""Nine Agency hantering"", ""value"": 286605, ""value_cell"": ""H4""}",True,"{""label_cell"": ""A7"", ""label_value"": ""Paid"", ""row"": 7}",A7,before_profiles,True,True,"{""columns"": {""activation"": 3, ""channel"": 1, ""cpm"": 7, ""size"": 2}, ""header_cell"": ""A19"", ""header_row"": 19, ""row_count"": 12}",A19 (row 19),B20; B21; B22; B23; B24; B25; B26; B27; B28; B29; B30; B31,12,B20=15; B21=15; B22=15; B23=35; B24=35; B25=35; B26=15; B27=15; B28=35; B29=15; B30=35; B31=35,15000; 35000,,Instagram; TikTok,,UK TikTok@G20=800; UK TikTok@G21=800; UK TikTok@G22=800; UK Instagram@G23=800; UK Instagram@G24=800; UK Instagram@G25=800; US TikTok@G26=1100; US TikTok@G27=1100; US TikTok@G28=1100; US Instagram@G29=1100; US Instagram@G30=1100; US Instagram@G31=1100,"{""label_cell"": ""G34"", ""label_value"": ""Diff"", ""value"": 1640.375, ""value_cell"": ""H34""}",,Paid section appears before profile section and is included in main budget context.,,48,17,595
5312 Medclair Kalkyl (V.A).xlsx,data/reference_workbooks/raw/5312 Medclair Kalkyl (V.A).xlsx,1.2M,3,visible,canonical_candidate,Modern workbook selected as a reliable canonical Phase 0 reference.,False,,"{""label_cell"": ""A2"", ""label_value"": ""Kampanjbudget"", ""value"": 1200000, ""value_cell"": ""H2""}","{""label_cell"": ""A4"", ""label_value"": ""Nine Agency hantering"", ""value"": 448965, ""value_cell"": ""H4""}",True,"{""label_cell"": ""A7"", ""label_value"": ""Paid"", ""row"": 7}",A7,before_profiles,True,True,"{""columns"": {""activation"": 3, ""channel"": 1, ""cpm"": 7, ""size"": 2}, ""header_cell"": ""A19"", ""header_row"": 19, ""row_count"": 24}",A19 (row 19),B20; B21; B22; B23; B24; B25; B26; B27; B28; B29; B30; B31; B32; B33; B34; B35; B36; B37; B38; B39; B40; B41; B42; B43,24,B20=15; B21=15; B22=15; B23=35; B24=35; B25=35; B26=15; B27=15; B28=35; B29=35; B30=35; B31=75; B32=15; B33=15; B34=15; B35=15; B36=35; B37=35; B38=35; B39=35; B40=35; B41=35; B42=35; B43=35,15000; 35000; 75000,,Instagram; TikTok,,UK TikTok@G20=800; UK TikTok@G21=800; UK TikTok@G22=800; UK TikTok@G23=800; UK TikTok@G24=800; UK TikTok@G25=800; UK Instagram@G26=800; UK Instagram@G27=800; UK Instagram@G28=800; UK Instagram@G29=800; UK Instagram@G30=800; UK Instagram@G31=800; US TikTok@G32=1100; US TikTok@G33=1100; US TikTok@G34=1100; US TikTok@G35=1100; US TikTok@G36=1100; US TikTok@G37=1100; US Instagram@G38=1100; US Instagram@G39=1100; US Instagram@G40=1100; US Instagram@G41=1100; US Instagram@G42=1100; US Instagram@G43=1100,"{""label_cell"": ""G46"", ""label_value"": ""Diff"", ""value"": 207.375, ""value_cell"": ""H46""}",,Paid section appears before profile section and is included in main budget context.,,58,29,830
5312 Medclair Kalkyl (V.A).xlsx,data/reference_workbooks/raw/5312 Medclair Kalkyl (V.A).xlsx,2M,4,visible,canonical_candidate,Modern workbook selected as a reliable canonical Phase 0 reference.,False,,"{""label_cell"": ""A2"", ""label_value"": ""Kampanjbudget"", ""value"": 2000000, ""value_cell"": ""H2""}","{""label_cell"": ""A4"", ""label_value"": ""Nine Agency hantering"", ""value"": 595980, ""value_cell"": ""H4""}",True,"{""label_cell"": ""A7"", ""label_value"": ""Paid"", ""row"": 7}",A7,before_profiles,True,True,"{""columns"": {""activation"": 3, ""channel"": 1, ""cpm"": 7, ""size"": 2}, ""header_cell"": ""A19"", ""header_row"": 19, ""row_count"": 30}",A19 (row 19),B20; B21; B22; B23; B24; B25; B26; B27; B28; B29; B30; B31; B32; B33; B34; B35; B36; B37; B38; B39; B40; B41; B42; B43; B44; B45; B46; B47; B48; B49,30,B20=35; B21=35; B22=35; B23=35; B24=35; B25=75; B26=35; B27=35; B28=35; B29=35; B30=35; B31=35; B32=35; B33=35; B34=125; B35=35; B36=35; B37=35; B38=35; B39=35; B40=35; B41=35; B42=75; B43=125; B44=15; B45=15; B46=15; B47=35; B48=35; B49=35,15000; 35000; 75000; 125000,,Instagram; TikTok,,UK TikTok@G20=800; UK TikTok@G21=800; UK TikTok@G22=800; UK TikTok@G23=800; UK TikTok@G24=800; UK TikTok@G25=685.3; UK Instagram@G26=800; UK Instagram@G27=800; UK Instagram@G28=800; UK Instagram@G29=800; UK Instagram@G30=800; UK Instagram@G31=800; UK Instagram@G32=800; UK Instagram@G33=800; UK Instagram@G34=800; US TikTok@G35=1100; US TikTok@G36=1100; US TikTok@G37=1100; US TikTok@G38=1100; US TikTok@G39=1100; US TikTok@G40=1100; US TikTok@G41=1100; US TikTok@G42=1100; US TikTok@G43=1100; US Instagram@G44=1100; US Instagram@G45=1100; US Instagram@G46=1100; US Instagram@G47=1100; US Instagram@G48=1100; US Instagram@G49=1100,"{""label_cell"": ""G52"", ""label_value"": ""Diff"", ""value"": 13100.5, ""value_cell"": ""H52""}",,Paid section appears before profile section and is included in main budget context.,,62,29,938
GoMore Kalkyl (V.A).xlsx,data/reference_workbooks/raw/GoMore Kalkyl (V.A).xlsx,Kalkylmall Org.,0,visible,legacy_reference_only,Template-like sheet name.,False,,"{""label_cell"": ""A2"", ""label_value"": ""Kampanjbudget"", ""value"": 100000, ""value_cell"": ""H2""}","{""label_cell"": ""A4"", ""label_value"": ""Nine Agency hantering"", ""value"": 55094, ""value_cell"": ""H4""}",True,"{""label_cell"": ""A21"", ""label_value"": ""Add on: Paid"", ""row"": 21}",A21,after_profiles,False,True,"{""columns"": {""activation"": 3, ""channel"": 1, ""cpm"": 7, ""size"": 2}, ""header_cell"": ""A8"", ""header_row"": 8, ""row_count"": 4}",A8 (row 8),B9; B10; B11; B12,4,B9=15; B10=15; B11=35; B12=35,15000; 35000,,Instagram,,Instagram@G9=570; Instagram@G10=570; Instagram@G11=570; Instagram@G12=570,"{""label_cell"": ""G15"", ""label_value"": ""Diff:"", ""value"": 1638.05, ""value_cell"": ""H15""}",,Paid section appears after profile section and is excluded from main optimization.,,29,29,373
NEW 5239 Gandalf Kalkyl (V.A).xlsx,data/reference_workbooks/raw/NEW 5239 Gandalf Kalkyl (V.A).xlsx,SE Kalkylmall Org.,0,visible,legacy_reference_only,Template-like sheet name.,False,,"{""label_cell"": ""A2"", ""label_value"": ""Kampanjbudget"", ""value"": 840000, ""value_cell"": ""H2""}","{""label_cell"": ""A4"", ""label_value"": ""Nine Agency hantering"", ""value"": 351747, ""value_cell"": ""H4""}",False,,,not_found,False,True,"{""columns"": {""activation"": 3, ""channel"": 1, ""cpm"": 7, ""size"": 2}, ""header_cell"": ""A8"", ""header_row"": 8, ""row_count"": 13}",A8 (row 8),B9; B10; B11; B12; B13; B14; B15; B16; B17; B18; B19; B20; B21,13,B9=50-80; B10=80-100; B11=100-120; B12=120-150; B13=50-80; B14=50-80; B15=50-80; B16=50-80; B17=80-100; B18=80-100; B19=80-100; B20=120-150; B21=120-150,,B10=80-100; B11=100-120; B12=120-150; B13=50-80; B14=50-80; B15=50-80; B16=50-80; B17=80-100; B18=80-100; B19=80-100; B20=120-150; B21=120-150; B9=50-80,YouTube,,Youtube@G9=910; Youtube@G10=910; Youtube@G11=910; Youtube@G12=910; Youtube@G13=700; Youtube@G14=700; Youtube@G15=700; Youtube@G16=700; Youtube@G17=700; Youtube@G18=700; Youtube@G19=700; Youtube@G20=700; Youtube@G21=700,,,Legacy or invalid profile size values were preserved without coercion.,,37,29,517
NEW 5239 Gandalf Kalkyl (V.A).xlsx,data/reference_workbooks/raw/NEW 5239 Gandalf Kalkyl (V.A).xlsx,NO Kalkylmall Org.,1,visible,legacy_reference_only,Template-like sheet name.,False,,"{""label_cell"": ""A2"", ""label_value"": ""Kampanjbudget"", ""value"": 784000.0000000001, ""value_cell"": ""H2""}","{""label_cell"": ""A4"", ""label_value"": ""Nine Agency hantering"", ""value"": 351747, ""value_cell"": ""H4""}",False,,,not_found,False,True,"{""columns"": {""activation"": 3, ""channel"": 1, ""cpm"": 7, ""size"": 2}, ""header_cell"": ""A8"", ""header_row"": 8, ""row_count"": 13}",A8 (row 8),B9; B10; B11; B12; B13; B14; B15; B16; B17; B18; B19; B20; B21,13,B9=50-80; B10=50-80; B11=80-100; B12=50-80; B13=50-80; B14=50-80; B15=50-80; B16=50-80; B17=50-80; B18=50-80; B19=80-100; B20=80-100; B21=80-100,,B10=50-80; B11=80-100; B12=50-80; B13=50-80; B14=50-80; B15=50-80; B16=50-80; B17=50-80; B18=50-80; B19=80-100; B20=80-100; B21=80-100; B9=50-80,YouTube,,Youtube@G9=1046.5; Youtube@G10=1046.5; Youtube@G11=1046.5; Youtube@G12=804.9999999999999; Youtube@G13=804.9999999999999; Youtube@G14=804.9999999999999; Youtube@G15=804.9999999999999; Youtube@G16=804.9999999999999; Youtube@G17=804.9999999999999; Youtube@G18=804.9999999999999; Youtube@G19=804.9999999999999; Youtube@G20=804.9999999999999; Youtube@G21=804.9999999999999,,,Legacy or invalid profile size values were preserved without coercion.,,44,29,527
NEW 5239 Gandalf Kalkyl (V.A).xlsx,data/reference_workbooks/raw/NEW 5239 Gandalf Kalkyl (V.A).xlsx,DK Kalkylmall Org.,2,visible,legacy_reference_only,Template-like sheet name.,False,,"{""label_cell"": ""A2"", ""label_value"": ""Kampanjbudget"", ""value"": 728000, ""value_cell"": ""H2""}","{""label_cell"": ""A4"", ""label_value"": ""Nine Agency hantering"", ""value"": 325908, ""value_cell"": ""H4""}",False,,,not_found,False,True,"{""columns"": {""activation"": 3, ""channel"": 1, ""cpm"": 7, ""size"": 2}, ""header_cell"": ""A8"", ""header_row"": 8, ""row_count"": 12}",A8 (row 8),B9; B10; B11; B12; B13; B14; B15; B16; B17; B18; B19; B20,12,B9=50-70; B10=80-100; B11=50-70; B12=50-70; B13=50-70; B14=50-70; B15=50-70; B16=80-100; B17=80-100; B18=100-120; B19=100-120; B20=100-120,,B10=80-100; B11=50-70; B12=50-70; B13=50-70; B14=50-70; B15=50-70; B16=80-100; B17=80-100; B18=100-120; B19=100-120; B20=100-120; B9=50-70,YouTube,,Youtube@G9=1046.5; Youtube@G10=1046.5; Youtube@G11=804.9999999999999; Youtube@G12=804.9999999999999; Youtube@G13=804.9999999999999; Youtube@G14=804.9999999999999; Youtube@G15=804.9999999999999; Youtube@G16=804.9999999999999; Youtube@G17=804.9999999999999; Youtube@G18=804.9999999999999; Youtube@G19=804.9999999999999; Youtube@G20=804.9999999999999,,,Legacy or invalid profile size values were preserved without coercion.,,36,29,495
NEW 5239 Gandalf Kalkyl (V.A).xlsx,data/reference_workbooks/raw/NEW 5239 Gandalf Kalkyl (V.A).xlsx,FI Kalkylmall Org.,3,visible,legacy_reference_only,Template-like sheet name.,False,,"{""label_cell"": ""A2"", ""label_value"": ""Kampanjbudget"", ""value"": 448000, ""value_cell"": ""H2""}","{""label_cell"": ""A4"", ""label_value"": ""Nine Agency hantering"", ""value"": 196713, ""value_cell"": ""H4""}",False,,,not_found,False,True,"{""columns"": {""activation"": 3, ""channel"": 1, ""cpm"": 7, ""size"": 2}, ""header_cell"": ""A8"", ""header_row"": 8, ""row_count"": 7}",A8 (row 8),B9; B10; B11; B12; B13; B14; B15,7,B9=50-80; B10=80-100; B11=50-80; B12=50-80; B13=50-80; B14=80-100; B15=80-100,,B10=80-100; B11=50-80; B12=50-80; B13=50-80; B14=80-100; B15=80-100; B9=50-80,YouTube,,Youtube@G9=1001.0000000000002; Youtube@G10=1001.0000000000002; Youtube@G11=770.0000000000001; Youtube@G12=770.0000000000001; Youtube@G13=770.0000000000001; Youtube@G14=770.0000000000001; Youtube@G15=770.0000000000001,,,Legacy or invalid profile size values were preserved without coercion.,,35,29,405
NEW 5239 Gandalf Kalkyl (V.A).xlsx,data/reference_workbooks/raw/NEW 5239 Gandalf Kalkyl (V.A).xlsx,SUMMERING,4,visible,overview_ignore,Sheet name matched overview keywords: summering.,True,Sheet name matched overview keywords: summering.,,,True,"{""label_cell"": ""A19"", ""label_value"": ""Paid:"", ""row"": 19}",A19,unknown_without_profiles,False,False,,,,0,,,,,,,,,,Paid section detected but relative placement is unknown because no profile section was found.,1001,26,3174
Petgood Kalkyl (V.A).xlsx,data/reference_workbooks/raw/Petgood Kalkyl (V.A).xlsx,200K,0,visible,legacy_reference_only,Unsupported profile channels present in profile section.,False,,"{""label_cell"": ""A2"", ""label_value"": ""Kampanjbudget"", ""value"": 200000, ""value_cell"": ""H2""}","{""label_cell"": ""A4"", ""label_value"": ""Nine Agency hantering"", ""value"": 74597, ""value_cell"": ""H4""}",True,"{""label_cell"": ""A7"", ""label_value"": ""Paid"", ""row"": 7}",A7,before_profiles,True,True,"{""columns"": {""activation"": 3, ""channel"": 1, ""cpm"": 7, ""size"": 2}, ""header_cell"": ""A17"", ""header_row"": 17, ""row_count"": 6}",A17 (row 17),B18; B19; B20; B21; B22; B23,6,B18=15; B19=15; B20=35; B21=35; B22=75; B23=35,15000; 35000; 75000,,TikTok,Meta,Meta@G18=600; Meta@G19=600; Meta@G20=600; Meta@G21=600; Meta@G22=600; TikTok@G23=450,"{""label_cell"": ""G26"", ""label_value"": ""Diff:"", ""value"": -252.225, ""value_cell"": ""H26""}",,Paid section appears before profile section and is included in main budget context.,,39,17,478
Petgood Kalkyl (V.A).xlsx,data/reference_workbooks/raw/Petgood Kalkyl (V.A).xlsx,400K,1,visible,legacy_reference_only,Unsupported profile channels present in profile section.,False,,"{""label_cell"": ""A2"", ""label_value"": ""Kampanjbudget"", ""value"": 400000, ""value_cell"": ""H2""}","{""label_cell"": ""A4"", ""label_value"": ""Nine Agency hantering"", ""value"": 134096, ""value_cell"": ""H4""}",True,"{""label_cell"": ""A7"", ""label_value"": ""Paid"", ""row"": 7}",A7,before_profiles,True,True,"{""columns"": {""activation"": 3, ""channel"": 1, ""cpm"": 7, ""size"": 2}, ""header_cell"": ""A17"", ""header_row"": 17, ""row_count"": 12}",A17 (row 17),B18; B19; B20; B21; B22; B23; B24; B25; B26; B27; B28; B29,12,B18=15; B19=15; B20=15; B21=15; B22=35; B23=35; B24=35; B25=35; B26=75; B27=75; B28=35; B29=75,15000; 35000; 75000,,TikTok,Meta,Meta@G18=600; Meta@G19=600; Meta@G20=600; Meta@G21=600; Meta@G22=600; Meta@G23=600; Meta@G24=600; Meta@G25=600; Meta@G26=600; Meta@G27=600; TikTok@G28=450; TikTok@G29=450,"{""label_cell"": ""G32"", ""label_value"": ""Diff:"", ""value"": -38.8, ""value_cell"": ""H32""}",,Paid section appears before profile section and is included in main budget context.,,40,29,528
